{
    "version": "0.4",
    "title": "Faq",
    "type": "page",
    "metadata": {
        "template_type": "single-page",
        "include_in_zip": "1",
        "elementor_pro_required": "1",
        "wp_page_template": "elementor_header_footer"
    },
    "content": [
        {
            "id": "a3a3f98",
            "settings": {
                "height": "min-height",
                "custom_height": {
                    "unit": "px",
                    "size": 300,
                    "sizes": []
                },
                "background_background": "gradient",
                "background_overlay_background": "classic",
                "background_overlay_image": {
                    "url": "https:\/\/bimberonline.com\/coinclan\/wp-content\/uploads\/sites\/136\/2022\/12\/img-bg-02-min.png",
                    "id": 206,
                    "alt": "",
                    "source": "library"
                },
                "background_overlay_position": "center right",
                "background_overlay_repeat": "no-repeat",
                "background_overlay_size": "initial",
                "background_overlay_bg_width": {
                    "unit": "%",
                    "size": 60,
                    "sizes": []
                },
                "background_overlay_opacity": {
                    "unit": "px",
                    "size": 0.49,
                    "sizes": []
                },
                "css_filters_css_filter": "custom",
                "css_filters_saturate": {
                    "unit": "px",
                    "size": 0,
                    "sizes": []
                },
                "overlay_blend_mode": "multiply",
                "padding": {
                    "unit": "px",
                    "top": "60",
                    "right": "20",
                    "bottom": "60",
                    "left": "20",
                    "isLinked": false
                },
                "__globals__": {
                    "background_color": "globals\/colors?id=primary",
                    "background_color_b": "globals\/colors?id=secondary"
                },
                "shape_divider_bottom": "waves",
                "shape_divider_bottom_width": {
                    "unit": "%",
                    "size": 100,
                    "sizes": []
                },
                "shape_divider_bottom_height": {
                    "unit": "px",
                    "size": 30,
                    "sizes": []
                },
                "overflow": "hidden"
            },
            "elements": [
                {
                    "id": "69c998b3",
                    "settings": {
                        "_column_size": 100,
                        "_inline_size": null,
                        "margin": {
                            "unit": "px",
                            "top": "60",
                            "right": "0",
                            "bottom": "0",
                            "left": "0",
                            "isLinked": false
                        }
                    },
                    "elements": [
                        {
                            "id": "4e3e3170",
                            "settings": {
                                "__dynamic__": {
                                    "title": "[elementor-tag id=\"\" name=\"page-title\" settings=\"%7B%22include_context%22%3A%22%22%2C%22show_home_title%22%3A%22%22%2C%22before%22%3A%22%22%2C%22after%22%3A%22%22%2C%22fallback%22%3A%22%22%7D\"]"
                                },
                                "title": "Add Your Heading Text Here",
                                "align": "center",
                                "__globals__": {
                                    "title_color": "globals\/colors?id=ce7668a",
                                    "typography_typography": "globals\/typography?id=71193c7"
                                },
                                "_animation": "fadeInUp",
                                "_animation_delay": 400
                            },
                            "elements": [],
                            "isInner": false,
                            "widgetType": "theme-page-title",
                            "elType": "widget"
                        },
                        {
                            "id": "36f1abf7",
                            "settings": {
                                "image": {
                                    "url": "https:\/\/bimberonline.com\/coinclan\/wp-content\/uploads\/sites\/136\/2022\/12\/img-coin-01-min.png",
                                    "id": 374,
                                    "alt": "",
                                    "source": "library"
                                },
                                "image_size": "custom",
                                "image_custom_dimension": {
                                    "width": "300",
                                    "height": "300"
                                },
                                "width": {
                                    "unit": "px",
                                    "size": 170,
                                    "sizes": []
                                },
                                "width_tablet": {
                                    "unit": "px",
                                    "size": 120,
                                    "sizes": []
                                },
                                "width_mobile": {
                                    "unit": "px",
                                    "size": 100,
                                    "sizes": []
                                },
                                "space": {
                                    "unit": "%",
                                    "size": 100,
                                    "sizes": []
                                },
                                "css_filters_css_filter": "custom",
                                "_element_width": "auto",
                                "_element_custom_width": {
                                    "unit": "px",
                                    "size": 298,
                                    "sizes": []
                                },
                                "_element_custom_width_tablet": {
                                    "unit": "%",
                                    "size": "",
                                    "sizes": []
                                },
                                "_element_custom_width_mobile": {
                                    "unit": "%",
                                    "size": "",
                                    "sizes": []
                                },
                                "_position": "absolute",
                                "_offset_orientation_v": "end",
                                "_offset_y_end": {
                                    "size": -125,
                                    "unit": "px"
                                },
                                "_offset_x": {
                                    "size": 0,
                                    "unit": "px"
                                },
                                "_animation": "fadeInLeft"
                            },
                            "elements": [],
                            "isInner": false,
                            "widgetType": "image",
                            "elType": "widget"
                        },
                        {
                            "id": "5a54fbb5",
                            "settings": {
                                "image": {
                                    "url": "https:\/\/bimberonline.com\/coinclan\/wp-content\/uploads\/sites\/136\/2022\/12\/img-coin-02-min.png",
                                    "id": 375,
                                    "alt": "",
                                    "source": "library"
                                },
                                "image_size": "custom",
                                "image_custom_dimension": {
                                    "width": "300",
                                    "height": "300"
                                },
                                "width": {
                                    "unit": "px",
                                    "size": 120,
                                    "sizes": []
                                },
                                "width_tablet": {
                                    "unit": "px",
                                    "size": 90,
                                    "sizes": []
                                },
                                "width_mobile": {
                                    "unit": "px",
                                    "size": 65,
                                    "sizes": []
                                },
                                "space": {
                                    "unit": "%",
                                    "size": 100,
                                    "sizes": []
                                },
                                "_element_width": "auto",
                                "_element_custom_width": {
                                    "unit": "px",
                                    "size": 298,
                                    "sizes": []
                                },
                                "_element_custom_width_tablet": {
                                    "unit": "%",
                                    "size": "",
                                    "sizes": []
                                },
                                "_element_custom_width_mobile": {
                                    "unit": "%",
                                    "size": "",
                                    "sizes": []
                                },
                                "_position": "absolute",
                                "_offset_orientation_h": "end",
                                "_offset_y_end": {
                                    "unit": "px",
                                    "size": -90,
                                    "sizes": []
                                },
                                "_offset_y_mobile": {
                                    "unit": "px",
                                    "size": 150,
                                    "sizes": []
                                },
                                "_animation": "fadeInRight",
                                "_animation_delay": 200,
                                "_offset_orientation_v": "end",
                                "_offset_y_tablet": {
                                    "unit": "px",
                                    "size": 100,
                                    "sizes": []
                                }
                            },
                            "elements": [],
                            "isInner": false,
                            "widgetType": "image",
                            "elType": "widget"
                        }
                    ],
                    "isInner": false,
                    "elType": "column"
                }
            ],
            "isInner": false,
            "elType": "section"
        },
        {
            "id": "25aec692",
            "settings": {
                "structure": "20",
                "padding": {
                    "unit": "px",
                    "top": "60",
                    "right": "20",
                    "bottom": "60",
                    "left": "20",
                    "isLinked": false
                }
            },
            "elements": [
                {
                    "id": "b1528f8",
                    "settings": {
                        "_column_size": 50,
                        "_inline_size": null,
                        "margin": {
                            "unit": "px",
                            "top": "30",
                            "right": "90",
                            "bottom": "0",
                            "left": "0",
                            "isLinked": false
                        },
                        "_inline_size_tablet": 100,
                        "margin_tablet": {
                            "unit": "px",
                            "top": "0",
                            "right": "0",
                            "bottom": "30",
                            "left": "0",
                            "isLinked": false
                        },
                        "padding": {
                            "unit": "px",
                            "top": "0",
                            "right": "0",
                            "bottom": "0",
                            "left": "0",
                            "isLinked": false
                        },
                        "motion_fx_motion_fx_scrolling": "yes"
                    },
                    "elements": [
                        {
                            "id": "6752d55c",
                            "settings": {
                                "margin": {
                                    "unit": "px",
                                    "top": "",
                                    "right": 0,
                                    "bottom": "",
                                    "left": 0,
                                    "isLinked": true
                                },
                                "sticky": "top",
                                "sticky_parent": "yes"
                            },
                            "elements": [
                                {
                                    "id": "4a6c7d29",
                                    "settings": {
                                        "_column_size": 100,
                                        "_inline_size": null
                                    },
                                    "elements": [
                                        {
                                            "id": "15846dee",
                                            "settings": {
                                                "ekit_heading_title": "Check here the most {{frequently asked questions}}",
                                                "ekit_heading_sub_title": "Time has changed",
                                                "ekit_heading_section_extra_title_show": "yes",
                                                "ekit_heading_extra_title": "<p>Aliquam etiam erat velit scelerisque in. Quisque non tellus orci ac auctor augue mauris augue neque. In iaculis nunc sed augue lacus. Tortor aliquam nulla facilisi cras fermentum odio eu.<\/p>",
                                                "shadow_text_content": "bussiness",
                                                "ekit_heading_show_seperator": "",
                                                "ekit_heading_seperator_style": "elementskit-border-star",
                                                "ekit_heading_title_margin": {
                                                    "unit": "px",
                                                    "top": "0",
                                                    "right": "0",
                                                    "bottom": "0",
                                                    "left": "0",
                                                    "isLinked": true
                                                },
                                                "__globals__": {
                                                    "ekit_heading_extra_title_typography_typography": "globals\/typography?id=text",
                                                    "ekit_heading_title_typography_typography": "globals\/typography?id=71193c7",
                                                    "ekit_heading_focused_title_typography_typography": "globals\/typography?id=e97fdb7",
                                                    "ekit_heading_focused_title_color": "globals\/colors?id=primary",
                                                    "ekit_heading_focused_title_color_hover": "globals\/colors?id=primary",
                                                    "ekit_heading_title_color": "globals\/colors?id=text",
                                                    "ekit_heading_title_color_hover": "globals\/colors?id=text"
                                                },
                                                "ekit_heading_title_tag": "h4"
                                            },
                                            "elements": [],
                                            "isInner": false,
                                            "widgetType": "elementskit-heading",
                                            "elType": "widget"
                                        },
                                        {
                                            "id": "65589ffc",
                                            "settings": {
                                                "text": "Contact Us"
                                            },
                                            "elements": [],
                                            "isInner": false,
                                            "widgetType": "button",
                                            "elType": "widget"
                                        }
                                    ],
                                    "isInner": true,
                                    "elType": "column"
                                }
                            ],
                            "isInner": true,
                            "elType": "section"
                        }
                    ],
                    "isInner": false,
                    "elType": "column"
                },
                {
                    "id": "47af844f",
                    "settings": {
                        "_column_size": 50,
                        "_inline_size": null,
                        "_inline_size_tablet": 100
                    },
                    "elements": [
                        {
                            "id": "b56d313",
                            "settings": {
                                "structure": "20",
                                "background_background": "classic",
                                "border_radius": {
                                    "unit": "px",
                                    "top": "10",
                                    "right": "10",
                                    "bottom": "10",
                                    "left": "10",
                                    "isLinked": true
                                },
                                "__globals__": {
                                    "background_color": "globals\/colors?id=ce7668a"
                                }
                            },
                            "elements": [
                                {
                                    "id": "ea3a480",
                                    "settings": {
                                        "_column_size": 50,
                                        "_inline_size": 60,
                                        "content_position": "center",
                                        "border_border": "solid",
                                        "border_width": {
                                            "unit": "px",
                                            "top": "5",
                                            "right": "0",
                                            "bottom": "5",
                                            "left": "5",
                                            "isLinked": false
                                        },
                                        "padding": {
                                            "unit": "px",
                                            "top": "40",
                                            "right": "40",
                                            "bottom": "60",
                                            "left": "50",
                                            "isLinked": false
                                        },
                                        "__globals__": {
                                            "border_color": "globals\/colors?id=ce7668a"
                                        },
                                        "border_width_mobile": {
                                            "unit": "px",
                                            "top": "5",
                                            "right": "5",
                                            "bottom": "0",
                                            "left": "5",
                                            "isLinked": false
                                        },
                                        "padding_mobile": {
                                            "unit": "px",
                                            "top": "30",
                                            "right": "30",
                                            "bottom": "30",
                                            "left": "30",
                                            "isLinked": true
                                        }
                                    },
                                    "elements": [
                                        {
                                            "id": "56d05de6",
                                            "settings": {
                                                "selected_icon": {
                                                    "value": "",
                                                    "library": ""
                                                },
                                                "title_text": "How to start a digital wallet?",
                                                "description_text": "Ut elit tellus, luctus nec ullamcorper mattis, pulvinar dapibus leo.",
                                                "title_size": "h2",
                                                "text_align": "left",
                                                "_margin": {
                                                    "unit": "px",
                                                    "top": "20",
                                                    "right": "0",
                                                    "bottom": "10",
                                                    "left": "0",
                                                    "isLinked": false
                                                },
                                                "_element_custom_width": {
                                                    "unit": "%",
                                                    "size": 50,
                                                    "sizes": []
                                                },
                                                "__globals__": {
                                                    "title_typography_typography": "globals\/typography?id=a8a20dc"
                                                }
                                            },
                                            "elements": [],
                                            "isInner": false,
                                            "widgetType": "icon-box",
                                            "elType": "widget"
                                        },
                                        {
                                            "id": "74dc6d4a",
                                            "settings": {
                                                "selected_icon": {
                                                    "value": "icon icon-right-arrow",
                                                    "library": "ekiticons"
                                                },
                                                "align": "left",
                                                "size": {
                                                    "unit": "px",
                                                    "size": 20,
                                                    "sizes": []
                                                },
                                                "__globals__": {
                                                    "primary_color": "globals\/colors?id=primary"
                                                },
                                                "link": {
                                                    "url": "#",
                                                    "is_external": "",
                                                    "nofollow": "",
                                                    "custom_attributes": ""
                                                }
                                            },
                                            "elements": [],
                                            "isInner": false,
                                            "widgetType": "icon",
                                            "elType": "widget"
                                        }
                                    ],
                                    "isInner": true,
                                    "elType": "column"
                                },
                                {
                                    "id": "3f34bdd",
                                    "settings": {
                                        "_column_size": 50,
                                        "_inline_size": 40,
                                        "content_position": "center",
                                        "align": "center",
                                        "border_border": "solid",
                                        "border_width": {
                                            "unit": "px",
                                            "top": "5",
                                            "right": "5",
                                            "bottom": "5",
                                            "left": "0",
                                            "isLinked": false
                                        },
                                        "padding": {
                                            "unit": "px",
                                            "top": "40",
                                            "right": "40",
                                            "bottom": "60",
                                            "left": "40",
                                            "isLinked": false
                                        },
                                        "__globals__": {
                                            "border_color": "globals\/colors?id=ce7668a"
                                        },
                                        "border_width_mobile": {
                                            "unit": "px",
                                            "top": "0",
                                            "right": "5",
                                            "bottom": "5",
                                            "left": "5",
                                            "isLinked": false
                                        }
                                    },
                                    "elements": [
                                        {
                                            "id": "51032769",
                                            "settings": {
                                                "space": {
                                                    "unit": "px",
                                                    "size": 70,
                                                    "sizes": []
                                                },
                                                "_element_width": "initial",
                                                "_element_custom_width": {
                                                    "unit": "px",
                                                    "size": 70,
                                                    "sizes": []
                                                },
                                                "_element_vertical_align": "center",
                                                "_background_background": "classic",
                                                "_mask_switch": "yes",
                                                "_mask_shape": "custom",
                                                "_mask_image": {
                                                    "url": "https:\/\/bimberonline.com\/coinclan\/wp-content\/uploads\/sites\/136\/2022\/12\/icon-coin-2.png",
                                                    "id": 212,
                                                    "alt": "",
                                                    "source": "library"
                                                },
                                                "__globals__": {
                                                    "_background_color": "globals\/colors?id=6364690"
                                                }
                                            },
                                            "elements": [],
                                            "isInner": false,
                                            "widgetType": "spacer",
                                            "elType": "widget"
                                        }
                                    ],
                                    "isInner": true,
                                    "elType": "column"
                                }
                            ],
                            "isInner": true,
                            "elType": "section"
                        },
                        {
                            "id": "2a7220a6",
                            "settings": {
                                "structure": "20",
                                "background_background": "classic",
                                "border_radius": {
                                    "unit": "px",
                                    "top": "10",
                                    "right": "10",
                                    "bottom": "10",
                                    "left": "10",
                                    "isLinked": true
                                },
                                "margin": {
                                    "unit": "px",
                                    "top": "30",
                                    "right": 0,
                                    "bottom": "0",
                                    "left": 0,
                                    "isLinked": false
                                },
                                "__globals__": {
                                    "background_color": "globals\/colors?id=ce7668a"
                                }
                            },
                            "elements": [
                                {
                                    "id": "d472abb",
                                    "settings": {
                                        "_column_size": 50,
                                        "_inline_size": 60,
                                        "content_position": "center",
                                        "border_border": "solid",
                                        "border_width": {
                                            "unit": "px",
                                            "top": "5",
                                            "right": "0",
                                            "bottom": "5",
                                            "left": "5",
                                            "isLinked": false
                                        },
                                        "padding": {
                                            "unit": "px",
                                            "top": "40",
                                            "right": "40",
                                            "bottom": "60",
                                            "left": "50",
                                            "isLinked": false
                                        },
                                        "__globals__": {
                                            "border_color": "globals\/colors?id=ce7668a"
                                        },
                                        "border_width_mobile": {
                                            "unit": "px",
                                            "top": "5",
                                            "right": "5",
                                            "bottom": "0",
                                            "left": "5",
                                            "isLinked": false
                                        },
                                        "padding_mobile": {
                                            "unit": "px",
                                            "top": "30",
                                            "right": "30",
                                            "bottom": "30",
                                            "left": "30",
                                            "isLinked": true
                                        }
                                    },
                                    "elements": [
                                        {
                                            "id": "2aef1b50",
                                            "settings": {
                                                "selected_icon": {
                                                    "value": "",
                                                    "library": ""
                                                },
                                                "title_text": "Which tokens can I start with?",
                                                "description_text": "Ut elit tellus, luctus nec ullamcorper mattis, pulvinar dapibus leo.",
                                                "title_size": "h2",
                                                "text_align": "left",
                                                "_margin": {
                                                    "unit": "px",
                                                    "top": "20",
                                                    "right": "0",
                                                    "bottom": "10",
                                                    "left": "0",
                                                    "isLinked": false
                                                },
                                                "_element_custom_width": {
                                                    "unit": "%",
                                                    "size": 50,
                                                    "sizes": []
                                                },
                                                "__globals__": {
                                                    "title_typography_typography": "globals\/typography?id=a8a20dc"
                                                }
                                            },
                                            "elements": [],
                                            "isInner": false,
                                            "widgetType": "icon-box",
                                            "elType": "widget"
                                        },
                                        {
                                            "id": "2ed02c35",
                                            "settings": {
                                                "selected_icon": {
                                                    "value": "icon icon-right-arrow",
                                                    "library": "ekiticons"
                                                },
                                                "align": "left",
                                                "size": {
                                                    "unit": "px",
                                                    "size": 20,
                                                    "sizes": []
                                                },
                                                "__globals__": {
                                                    "primary_color": "globals\/colors?id=primary"
                                                },
                                                "link": {
                                                    "url": "#",
                                                    "is_external": "",
                                                    "nofollow": "",
                                                    "custom_attributes": ""
                                                }
                                            },
                                            "elements": [],
                                            "isInner": false,
                                            "widgetType": "icon",
                                            "elType": "widget"
                                        }
                                    ],
                                    "isInner": true,
                                    "elType": "column"
                                },
                                {
                                    "id": "2436ffd8",
                                    "settings": {
                                        "_column_size": 50,
                                        "_inline_size": 40,
                                        "content_position": "center",
                                        "align": "center",
                                        "border_border": "solid",
                                        "border_width": {
                                            "unit": "px",
                                            "top": "5",
                                            "right": "5",
                                            "bottom": "5",
                                            "left": "0",
                                            "isLinked": false
                                        },
                                        "padding": {
                                            "unit": "px",
                                            "top": "40",
                                            "right": "40",
                                            "bottom": "60",
                                            "left": "40",
                                            "isLinked": false
                                        },
                                        "__globals__": {
                                            "border_color": "globals\/colors?id=ce7668a"
                                        },
                                        "border_width_mobile": {
                                            "unit": "px",
                                            "top": "0",
                                            "right": "5",
                                            "bottom": "5",
                                            "left": "5",
                                            "isLinked": false
                                        }
                                    },
                                    "elements": [
                                        {
                                            "id": "3a8ef0a9",
                                            "settings": {
                                                "space": {
                                                    "unit": "px",
                                                    "size": 70,
                                                    "sizes": []
                                                },
                                                "_element_width": "initial",
                                                "_element_custom_width": {
                                                    "unit": "px",
                                                    "size": 70,
                                                    "sizes": []
                                                },
                                                "_element_vertical_align": "center",
                                                "_background_background": "classic",
                                                "_mask_switch": "yes",
                                                "_mask_shape": "custom",
                                                "_mask_image": {
                                                    "url": "https:\/\/bimberonline.com\/coinclan\/wp-content\/uploads\/sites\/136\/2022\/12\/icon-coin-4.png",
                                                    "id": 256,
                                                    "alt": "",
                                                    "source": "library"
                                                },
                                                "__globals__": {
                                                    "_background_color": "globals\/colors?id=18479c7"
                                                }
                                            },
                                            "elements": [],
                                            "isInner": false,
                                            "widgetType": "spacer",
                                            "elType": "widget"
                                        }
                                    ],
                                    "isInner": true,
                                    "elType": "column"
                                }
                            ],
                            "isInner": true,
                            "elType": "section"
                        }
                    ],
                    "isInner": false,
                    "elType": "column"
                }
            ],
            "isInner": false,
            "elType": "section"
        }
    ]
}