{
    "version": "0.4",
    "title": "Footer",
    "type": "footer",
    "metadata": {
        "template_type": "section-footer",
        "include_in_zip": "1",
        "elementor_pro_required": "1",
        "elementor_library_type": "footer",
        "elementor_pro_conditions": [
            "include\/general"
        ],
        "additional_template_information": [
            "This is a \"Footer\" template for Elementor Pro.",
            "This template will display on: Entire Site."
        ],
        "wp_page_template": "default"
    },
    "content": [
        {
            "id": "305310aa",
            "settings": {
                "structure": "40",
                "padding": {
                    "unit": "px",
                    "top": "90",
                    "right": "20",
                    "bottom": "90",
                    "left": "20",
                    "isLinked": false
                },
                "background_background": "classic",
                "__globals__": {
                    "background_color": "globals\/colors?id=ce7668a"
                },
                "padding_tablet": {
                    "unit": "px",
                    "top": "60",
                    "right": "20",
                    "bottom": "60",
                    "left": "20",
                    "isLinked": false
                }
            },
            "elements": [
                {
                    "id": "2ee2855d",
                    "settings": {
                        "_column_size": 25,
                        "_inline_size": 30,
                        "margin": {
                            "unit": "px",
                            "top": "0",
                            "right": "40",
                            "bottom": "0",
                            "left": "0",
                            "isLinked": false
                        },
                        "_inline_size_tablet": 50,
                        "margin_mobile": {
                            "unit": "px",
                            "top": "0",
                            "right": "0",
                            "bottom": "0",
                            "left": "0",
                            "isLinked": false
                        }
                    },
                    "elements": [
                        {
                            "id": "264f1079",
                            "settings": {
                                "_element_width": "initial",
                                "_element_custom_width": {
                                    "unit": "px",
                                    "size": 40,
                                    "sizes": []
                                },
                                "_background_background": "classic",
                                "_mask_switch": "yes",
                                "_mask_shape": "custom",
                                "_mask_image": {
                                    "url": "https:\/\/bimberonline.com\/coinclan\/wp-content\/uploads\/sites\/136\/2022\/12\/img-logo-part-01.png",
                                    "id": 323,
                                    "alt": "",
                                    "source": "library"
                                },
                                "__globals__": {
                                    "_background_color": "globals\/colors?id=6364690"
                                },
                                "space": {
                                    "unit": "px",
                                    "size": 40,
                                    "sizes": []
                                },
                                "_position": "absolute",
                                "_offset_y": {
                                    "unit": "px",
                                    "size": 2,
                                    "sizes": []
                                }
                            },
                            "elements": [],
                            "isInner": false,
                            "widgetType": "spacer",
                            "elType": "widget"
                        },
                        {
                            "id": "c4470aa",
                            "settings": {
                                "_element_width": "initial",
                                "_element_custom_width": {
                                    "unit": "px",
                                    "size": 40,
                                    "sizes": []
                                },
                                "_background_background": "gradient",
                                "_mask_switch": "yes",
                                "_mask_shape": "custom",
                                "_mask_image": {
                                    "url": "https:\/\/bimberonline.com\/coinclan\/wp-content\/uploads\/sites\/136\/2022\/12\/img-logo-part-02.png",
                                    "id": 322,
                                    "alt": "",
                                    "source": "library"
                                },
                                "__globals__": {
                                    "_background_color": "globals\/colors?id=6364690",
                                    "_background_color_b": "globals\/colors?id=primary"
                                },
                                "space": {
                                    "unit": "px",
                                    "size": 40,
                                    "sizes": []
                                }
                            },
                            "elements": [],
                            "isInner": false,
                            "widgetType": "spacer",
                            "elType": "widget"
                        },
                        {
                            "id": "512e92c0",
                            "settings": {
                                "ekit_heading_title": "Coin{{Clan}}",
                                "ekit_heading_sub_title": "Time has changed",
                                "shadow_text_content": "bussiness",
                                "ekit_heading_show_seperator": "",
                                "_margin": {
                                    "unit": "px",
                                    "top": "0",
                                    "right": "0",
                                    "bottom": "0",
                                    "left": "10",
                                    "isLinked": false
                                },
                                "_element_width": "auto",
                                "__globals__": {
                                    "ekit_heading_title_typography_typography": "globals\/typography?id=c3c7b8a",
                                    "ekit_heading_focused_title_typography_typography": "globals\/typography?id=c4d8f9b",
                                    "ekit_heading_focused_title_color_hover": "globals\/colors?id=text",
                                    "ekit_heading_focused_title_color": "globals\/colors?id=text"
                                }
                            },
                            "elements": [],
                            "isInner": false,
                            "widgetType": "elementskit-heading",
                            "elType": "widget"
                        },
                        {
                            "id": "183d8815",
                            "settings": {
                                "_margin": {
                                    "unit": "px",
                                    "top": "10",
                                    "right": "0",
                                    "bottom": "0",
                                    "left": "0",
                                    "isLinked": false
                                },
                                "__globals__": {
                                    "typography_typography": "",
                                    "text_color": "globals\/colors?id=62a2f83"
                                },
                                "editor": "<p>Ut elit tellus, luctus nec ullamcorper mattis, pulvinar dapibus leo.<\/p>"
                            },
                            "elements": [],
                            "isInner": false,
                            "widgetType": "text-editor",
                            "elType": "widget"
                        },
                        {
                            "id": "319d6348",
                            "settings": {
                                "ekit_socialmedai_list_align": "left",
                                "ekit_socialmedia_add_icons": [
                                    {
                                        "ekit_socialmedia_label": "Facebook",
                                        "_id": "ca106a1",
                                        "__globals__": {
                                            "ekit_socialmedia_icon_color": "globals\/colors?id=bfcfe08",
                                            "ekit_socialmedia_icon_bg_color": "globals\/colors?id=6364690",
                                            "ekit_socialmedia_icon_hover_bg_color": "globals\/colors?id=primary"
                                        },
                                        "ekit_socialmedia_link": {
                                            "url": "#",
                                            "is_external": "",
                                            "nofollow": "",
                                            "custom_attributes": ""
                                        }
                                    },
                                    {
                                        "ekit_socialmedia_icons": {
                                            "value": "icon icon-twitter",
                                            "library": "ekiticons"
                                        },
                                        "ekit_socialmedia_label": "Twitter",
                                        "_id": "5af0653",
                                        "__globals__": {
                                            "ekit_socialmedia_icon_color": "globals\/colors?id=bfcfe08",
                                            "ekit_socialmedia_icon_bg_color": "globals\/colors?id=fd0e7d8",
                                            "ekit_socialmedia_icon_hover_color": "globals\/colors?id=ce7668a",
                                            "ekit_socialmedia_icon_hover_bg_color": "globals\/colors?id=primary"
                                        },
                                        "ekit_socialmedia_link": {
                                            "url": "#",
                                            "is_external": "",
                                            "nofollow": "",
                                            "custom_attributes": ""
                                        }
                                    },
                                    {
                                        "ekit_socialmedia_icons": {
                                            "value": "icon icon-linkedin",
                                            "library": "ekiticons"
                                        },
                                        "ekit_socialmedia_label": "LinkedIn",
                                        "_id": "6726d5e",
                                        "__globals__": {
                                            "ekit_socialmedia_icon_color": "globals\/colors?id=bfcfe08",
                                            "ekit_socialmedia_icon_hover_color": "globals\/colors?id=bfcfe08",
                                            "ekit_socialmedia_icon_hover_bg_color": "globals\/colors?id=primary",
                                            "ekit_socialmedia_icon_bg_color": "globals\/colors?id=22ec969"
                                        },
                                        "ekit_socialmedia_link": {
                                            "url": "#",
                                            "is_external": "",
                                            "nofollow": "",
                                            "custom_attributes": ""
                                        }
                                    }
                                ],
                                "ekit_socialmedai_list_decoration_box": "underline",
                                "ekit_socialmedai_list_icon_size": {
                                    "unit": "px",
                                    "size": 16,
                                    "sizes": []
                                },
                                "__globals__": {
                                    "ekit_socialmedai_list_typography_typography": "globals\/typography?id=text"
                                }
                            },
                            "elements": [],
                            "isInner": false,
                            "widgetType": "elementskit-social-media",
                            "elType": "widget"
                        }
                    ],
                    "isInner": false,
                    "elType": "column"
                },
                {
                    "id": "6e16d0e8",
                    "settings": {
                        "_column_size": 25,
                        "_inline_size": 20,
                        "_inline_size_tablet": 50,
                        "margin_mobile": {
                            "unit": "px",
                            "top": "40",
                            "right": "0",
                            "bottom": "0",
                            "left": "0",
                            "isLinked": false
                        }
                    },
                    "elements": [
                        {
                            "id": "4a9b5ee9",
                            "settings": {
                                "title": "Menu Pages",
                                "__globals__": {
                                    "typography_typography": "globals\/typography?id=6fc26a2",
                                    "title_color": "globals\/colors?id=text"
                                },
                                "header_size": "div"
                            },
                            "elements": [],
                            "isInner": false,
                            "widgetType": "heading",
                            "elType": "widget"
                        },
                        {
                            "id": "2158d0bc",
                            "settings": {
                                "icon_list": [
                                    {
                                        "text": "About Us",
                                        "_id": "ea16dd1",
                                        "selected_icon": {
                                            "value": "",
                                            "library": ""
                                        },
                                        "link": {
                                            "url": "#",
                                            "is_external": "",
                                            "nofollow": "",
                                            "custom_attributes": ""
                                        }
                                    },
                                    {
                                        "text": "Testimonial",
                                        "selected_icon": {
                                            "value": "",
                                            "library": ""
                                        },
                                        "_id": "7747d34",
                                        "link": {
                                            "url": "#",
                                            "is_external": "",
                                            "nofollow": "",
                                            "custom_attributes": ""
                                        }
                                    },
                                    {
                                        "text": "Our Team",
                                        "selected_icon": {
                                            "value": "",
                                            "library": ""
                                        },
                                        "_id": "22f28bb",
                                        "link": {
                                            "url": "#",
                                            "is_external": "",
                                            "nofollow": "",
                                            "custom_attributes": ""
                                        }
                                    },
                                    {
                                        "text": "Faq",
                                        "selected_icon": {
                                            "value": "",
                                            "library": ""
                                        },
                                        "_id": "9b683b9",
                                        "link": {
                                            "url": "#",
                                            "is_external": "",
                                            "nofollow": "",
                                            "custom_attributes": ""
                                        }
                                    },
                                    {
                                        "text": "Contact Us",
                                        "selected_icon": {
                                            "value": "",
                                            "library": ""
                                        },
                                        "_id": "97f5685",
                                        "link": {
                                            "url": "#",
                                            "is_external": "",
                                            "nofollow": "",
                                            "custom_attributes": ""
                                        }
                                    }
                                ],
                                "icon_size": {
                                    "unit": "px",
                                    "size": 0,
                                    "sizes": []
                                },
                                "__globals__": {
                                    "text_color": "globals\/colors?id=secondary",
                                    "icon_typography_typography": "globals\/typography?id=accent",
                                    "text_color_hover": "globals\/colors?id=primary"
                                },
                                "space_between": {
                                    "unit": "px",
                                    "size": 8,
                                    "sizes": []
                                }
                            },
                            "elements": [],
                            "isInner": false,
                            "widgetType": "icon-list",
                            "elType": "widget"
                        }
                    ],
                    "isInner": false,
                    "elType": "column"
                },
                {
                    "id": "3eabe7c1",
                    "settings": {
                        "_column_size": 25,
                        "_inline_size": 20,
                        "_inline_size_tablet": 50,
                        "margin_tablet": {
                            "unit": "px",
                            "top": "40",
                            "right": "0",
                            "bottom": "0",
                            "left": "0",
                            "isLinked": false
                        }
                    },
                    "elements": [
                        {
                            "id": "49b01a24",
                            "settings": {
                                "title": "Utility Pages",
                                "__globals__": {
                                    "typography_typography": "globals\/typography?id=6fc26a2",
                                    "title_color": "globals\/colors?id=text"
                                },
                                "header_size": "div"
                            },
                            "elements": [],
                            "isInner": false,
                            "widgetType": "heading",
                            "elType": "widget"
                        },
                        {
                            "id": "12a5343a",
                            "settings": {
                                "icon_list": [
                                    {
                                        "text": "Carrers",
                                        "_id": "ea16dd1",
                                        "selected_icon": {
                                            "value": "",
                                            "library": ""
                                        },
                                        "link": {
                                            "url": "#",
                                            "is_external": "",
                                            "nofollow": "",
                                            "custom_attributes": ""
                                        }
                                    },
                                    {
                                        "text": "404 Not Found",
                                        "selected_icon": {
                                            "value": "",
                                            "library": ""
                                        },
                                        "_id": "7747d34",
                                        "link": {
                                            "url": "#",
                                            "is_external": "",
                                            "nofollow": "",
                                            "custom_attributes": ""
                                        }
                                    },
                                    {
                                        "text": "Terms & Conditions",
                                        "selected_icon": {
                                            "value": "",
                                            "library": ""
                                        },
                                        "_id": "22f28bb",
                                        "link": {
                                            "url": "#",
                                            "is_external": "",
                                            "nofollow": "",
                                            "custom_attributes": ""
                                        }
                                    },
                                    {
                                        "text": "Privacy Police",
                                        "selected_icon": {
                                            "value": "",
                                            "library": ""
                                        },
                                        "_id": "9b683b9",
                                        "link": {
                                            "url": "#",
                                            "is_external": "",
                                            "nofollow": "",
                                            "custom_attributes": ""
                                        }
                                    },
                                    {
                                        "text": "Start Here",
                                        "selected_icon": {
                                            "value": "",
                                            "library": ""
                                        },
                                        "_id": "97f5685",
                                        "link": {
                                            "url": "#",
                                            "is_external": "",
                                            "nofollow": "",
                                            "custom_attributes": ""
                                        }
                                    }
                                ],
                                "icon_size": {
                                    "unit": "px",
                                    "size": 0,
                                    "sizes": []
                                },
                                "__globals__": {
                                    "text_color": "globals\/colors?id=secondary",
                                    "icon_typography_typography": "globals\/typography?id=accent",
                                    "text_color_hover": "globals\/colors?id=primary"
                                },
                                "space_between": {
                                    "unit": "px",
                                    "size": 8,
                                    "sizes": []
                                }
                            },
                            "elements": [],
                            "isInner": false,
                            "widgetType": "icon-list",
                            "elType": "widget"
                        }
                    ],
                    "isInner": false,
                    "elType": "column"
                },
                {
                    "id": "d5b9fee",
                    "settings": {
                        "_column_size": 25,
                        "_inline_size": 30,
                        "_inline_size_tablet": 50,
                        "margin_tablet": {
                            "unit": "px",
                            "top": "40",
                            "right": "0",
                            "bottom": "0",
                            "left": "0",
                            "isLinked": false
                        }
                    },
                    "elements": [
                        {
                            "id": "def5ad5",
                            "settings": {
                                "title": "Newsletter",
                                "__globals__": {
                                    "typography_typography": "globals\/typography?id=6fc26a2",
                                    "title_color": "globals\/colors?id=text"
                                },
                                "header_size": "div"
                            },
                            "elements": [],
                            "isInner": false,
                            "widgetType": "heading",
                            "elType": "widget"
                        },
                        {
                            "id": "52d6de6f",
                            "settings": {
                                "form_name": "Newsletter CoinClan",
                                "form_fields": [
                                    {
                                        "custom_id": "email",
                                        "field_type": "email",
                                        "required": "true",
                                        "field_label": "Your Email",
                                        "placeholder": "Your Email",
                                        "_id": "fc0aa48"
                                    }
                                ],
                                "input_size": "md",
                                "show_labels": "",
                                "step_next_label": "Next",
                                "step_previous_label": "Previous",
                                "button_text": "Subscribe",
                                "email_content": "[all-fields]",
                                "email_content_2": "[all-fields]",
                                "success_message": "The form was sent successfully.",
                                "error_message": "An error occurred.",
                                "required_field_message": "This field is required.",
                                "invalid_message": "There&#039;s something wrong. The form is invalid.",
                                "__globals__": {
                                    "field_text_color": "globals\/colors?id=text",
                                    "field_border_color": "",
                                    "field_typography_typography": "globals\/typography?id=text",
                                    "button_background_color": "",
                                    "button_text_color": "",
                                    "button_hover_color": "",
                                    "button_background_hover_color": "",
                                    "field_background_color": "globals\/colors?id=bfcfe08"
                                },
                                "button_align": "start",
                                "field_typography_typography": "custom",
                                "field_typography_font_family": "Catamaran",
                                "field_typography_font_size": {
                                    "unit": "px",
                                    "size": 17,
                                    "sizes": []
                                },
                                "field_typography_font_weight": "500",
                                "field_typography_line_height": {
                                    "unit": "px",
                                    "size": 31.5,
                                    "sizes": []
                                },
                                "field_border_color": "#FFFFFF33",
                                "button_text_color": "",
                                "previous_button_text_color": "",
                                "previous_button_text_color_hover": "",
                                "button_align_mobile": "stretch",
                                "label_typography_line_height": {
                                    "unit": "em",
                                    "size": "",
                                    "sizes": []
                                },
                                "label_typography_word_spacing": {
                                    "unit": "em",
                                    "size": "",
                                    "sizes": []
                                },
                                "html_typography_line_height": {
                                    "unit": "em",
                                    "size": "",
                                    "sizes": []
                                },
                                "html_typography_word_spacing": {
                                    "unit": "em",
                                    "size": "",
                                    "sizes": []
                                },
                                "field_typography_word_spacing": {
                                    "unit": "em",
                                    "size": "",
                                    "sizes": []
                                },
                                "button_typography_line_height": {
                                    "unit": "em",
                                    "size": "",
                                    "sizes": []
                                },
                                "button_typography_word_spacing": {
                                    "unit": "em",
                                    "size": "",
                                    "sizes": []
                                },
                                "message_typography_line_height": {
                                    "unit": "em",
                                    "size": "",
                                    "sizes": []
                                },
                                "message_typography_word_spacing": {
                                    "unit": "em",
                                    "size": "",
                                    "sizes": []
                                },
                                "steps_typography_line_height": {
                                    "unit": "em",
                                    "size": "",
                                    "sizes": []
                                },
                                "steps_typography_word_spacing": {
                                    "unit": "em",
                                    "size": "",
                                    "sizes": []
                                },
                                "step_progress_bar_percentage__typography_line_height": {
                                    "unit": "em",
                                    "size": "",
                                    "sizes": []
                                },
                                "step_progress_bar_percentage__typography_word_spacing": {
                                    "unit": "em",
                                    "size": "",
                                    "sizes": []
                                },
                                "button_size": "md"
                            },
                            "elements": [],
                            "isInner": false,
                            "widgetType": "form",
                            "elType": "widget"
                        }
                    ],
                    "isInner": false,
                    "elType": "column"
                }
            ],
            "isInner": false,
            "elType": "section"
        },
        {
            "id": "217c09fd",
            "settings": {
                "background_background": "gradient",
                "border_width": {
                    "unit": "px",
                    "top": "1",
                    "right": "0",
                    "bottom": "0",
                    "left": "0",
                    "isLinked": false
                },
                "padding": {
                    "unit": "px",
                    "top": "20",
                    "right": "20",
                    "bottom": "20",
                    "left": "20",
                    "isLinked": false
                },
                "__globals__": {
                    "background_color": "globals\/colors?id=primary",
                    "border_color": "",
                    "background_color_b": "globals\/colors?id=secondary"
                }
            },
            "elements": [
                {
                    "id": "3e12ea74",
                    "settings": {
                        "_column_size": 100,
                        "_inline_size": null
                    },
                    "elements": [
                        {
                            "id": "12b84dd8",
                            "settings": {
                                "editor": "",
                                "align": "center",
                                "__dynamic__": {
                                    "editor": "[elementor-tag id=\"2430a2b\" name=\"current-date-time\" settings=\"%7B%22date_format%22%3A%22custom%22%2C%22custom_format%22%3A%22Y%22%2C%22before%22%3A%22%C2%A9%22%2C%22after%22%3A%22%20-%20ConClan%20Template%20Kit%20by%20Bimber%20Online%22%2C%22fallback%22%3A%22%20-%20ConClan%20Template%20Kit%20by%20Bimber%20Online%22%7D\"]"
                                },
                                "__globals__": {
                                    "text_color": "globals\/colors?id=bfcfe08",
                                    "typography_typography": ""
                                }
                            },
                            "elements": [],
                            "isInner": false,
                            "widgetType": "text-editor",
                            "elType": "widget"
                        }
                    ],
                    "isInner": false,
                    "elType": "column"
                }
            ],
            "isInner": false,
            "elType": "section"
        }
    ]
}