{
    "version": "0.4",
    "title": "Header",
    "type": "header",
    "metadata": {
        "template_type": "section-header",
        "include_in_zip": "1",
        "elementor_pro_required": "1",
        "elementor_library_type": "header",
        "elementor_pro_conditions": [
            "include\/general"
        ],
        "additional_template_information": [
            "This is a \"Header\" template for Elementor Pro.",
            "This template will display on: Entire Site."
        ],
        "wp_page_template": "default"
    },
    "content": [
        {
            "id": "33ebec0c",
            "settings": {
                "padding": {
                    "unit": "px",
                    "top": "20",
                    "right": "20",
                    "bottom": "20",
                    "left": "20",
                    "isLinked": true
                },
                "__globals__": {
                    "background_color": "",
                    "background_color_b": "globals\/colors?id=secondary"
                },
                "structure": "20",
                "margin": {
                    "unit": "px",
                    "top": "0",
                    "right": 0,
                    "bottom": "-120",
                    "left": 0,
                    "isLinked": false
                },
                "z_index": 999,
                "margin_tablet": {
                    "unit": "px",
                    "top": "0",
                    "right": 0,
                    "bottom": "-130",
                    "left": 0,
                    "isLinked": false
                },
                "margin_mobile": {
                    "unit": "px",
                    "top": "0",
                    "right": 0,
                    "bottom": "-120",
                    "left": 0,
                    "isLinked": false
                },
                "background_color_b": "#401A8F",
                "motion_fx_opacity_range": {
                    "unit": "%",
                    "size": "",
                    "sizes": {
                        "start": 0,
                        "end": 12
                    }
                },
                "motion_fx_range": "viewport",
                "sticky_effects_offset": 100
            },
            "elements": [
                {
                    "id": "27d7c2d5",
                    "settings": {
                        "_column_size": 50,
                        "_inline_size": 20,
                        "content_position": "center",
                        "align": "flex-start",
                        "_inline_size_tablet": 30,
                        "_inline_size_mobile": 60
                    },
                    "elements": [
                        {
                            "id": "58a8d74a",
                            "settings": {
                                "_element_width": "initial",
                                "_element_custom_width": {
                                    "unit": "px",
                                    "size": 40,
                                    "sizes": []
                                },
                                "_background_background": "gradient",
                                "_mask_switch": "yes",
                                "_mask_shape": "custom",
                                "_mask_image": {
                                    "url": "https:\/\/bimberonline.com\/coinclan\/wp-content\/uploads\/sites\/136\/2022\/12\/img-logo-part-02.png",
                                    "id": 322,
                                    "alt": "",
                                    "source": "library"
                                },
                                "__globals__": {
                                    "_background_color": "globals\/colors?id=6364690",
                                    "_background_color_b": "globals\/colors?id=primary"
                                },
                                "space": {
                                    "unit": "px",
                                    "size": 40,
                                    "sizes": []
                                }
                            },
                            "elements": [],
                            "isInner": false,
                            "widgetType": "spacer",
                            "elType": "widget"
                        },
                        {
                            "id": "2ac19d0c",
                            "settings": {
                                "ekit_heading_title": "Coin{{Clan}}",
                                "ekit_heading_sub_title": "Time has changed",
                                "ekit_heading_section_extra_title_show": "",
                                "ekit_heading_extra_title": "",
                                "shadow_text_content": "bussiness",
                                "ekit_heading_show_seperator": "",
                                "ekit_heading_seperator_style": "elementskit-border-star",
                                "ekit_heading_title_margin": {
                                    "unit": "px",
                                    "top": "0",
                                    "right": "0",
                                    "bottom": "10",
                                    "left": "0",
                                    "isLinked": false
                                },
                                "__globals__": {
                                    "ekit_heading_extra_title_typography_typography": "",
                                    "ekit_heading_title_typography_typography": "globals\/typography?id=c3c7b8a",
                                    "ekit_heading_focused_title_typography_typography": "globals\/typography?id=c4d8f9b",
                                    "ekit_heading_focused_title_color": "globals\/colors?id=bfcfe08",
                                    "ekit_heading_focused_title_color_hover": "globals\/colors?id=bfcfe08",
                                    "ekit_heading_title_color": "globals\/colors?id=bfcfe08",
                                    "ekit_heading_title_color_hover": "globals\/colors?id=bfcfe08",
                                    "ekit_heading_extra_title_color": ""
                                },
                                "ekit_heading_extra_title_margin": {
                                    "unit": "px",
                                    "top": "0",
                                    "right": "0",
                                    "bottom": "10",
                                    "left": "0",
                                    "isLinked": false
                                },
                                "ekit_heading_title_tag": "div",
                                "ekit_heading_title_color": "#FFFFFF",
                                "ekit_heading_title_color_hover": "#FFFFFF",
                                "ekit_heading_title_typography_typography": "custom",
                                "ekit_heading_title_typography_font_family": "Outfit",
                                "ekit_heading_title_typography_font_size": {
                                    "unit": "px",
                                    "size": 20,
                                    "sizes": []
                                },
                                "ekit_heading_title_typography_font_size_mobile": {
                                    "unit": "px",
                                    "size": 16,
                                    "sizes": []
                                },
                                "ekit_heading_title_typography_font_weight": "300",
                                "ekit_heading_title_typography_text_transform": "none",
                                "ekit_heading_title_typography_line_height": {
                                    "unit": "em",
                                    "size": 1.6,
                                    "sizes": []
                                },
                                "ekit_heading_title_typography_word_spacing": {
                                    "unit": "em",
                                    "size": "",
                                    "sizes": []
                                },
                                "ekit_heading_focused_title_color": "#FFFFFF",
                                "ekit_heading_focused_title_color_hover": "#FFFFFF",
                                "ekit_heading_focused_title_typography_typography": "custom",
                                "ekit_heading_focused_title_typography_font_family": "Outfit",
                                "ekit_heading_focused_title_typography_font_size": {
                                    "unit": "px",
                                    "size": 25,
                                    "sizes": []
                                },
                                "ekit_heading_focused_title_typography_font_weight": "700",
                                "ekit_heading_focused_title_typography_text_transform": "none",
                                "ekit_heading_focused_title_typography_line_height": {
                                    "unit": "em",
                                    "size": 1.5,
                                    "sizes": []
                                },
                                "ekit_heading_focused_title_typography_word_spacing": {
                                    "unit": "em",
                                    "size": "",
                                    "sizes": []
                                },
                                "ekit_heading_extra_title_typography_font_family": "Roboto",
                                "ekit_heading_extra_title_typography_font_size": {
                                    "unit": "px",
                                    "size": 19,
                                    "sizes": []
                                },
                                "ekit_heading_extra_title_typography_font_size_mobile": {
                                    "unit": "px",
                                    "size": 18,
                                    "sizes": []
                                },
                                "ekit_heading_extra_title_typography_font_weight": "400",
                                "ekit_heading_extra_title_typography_text_transform": "none",
                                "ekit_heading_extra_title_typography_line_height": {
                                    "unit": "em",
                                    "size": 1.8,
                                    "sizes": []
                                },
                                "ekit_heading_extra_title_typography_word_spacing": {
                                    "unit": "em",
                                    "size": "",
                                    "sizes": []
                                },
                                "_element_width": "auto",
                                "__dynamic__": {
                                    "ekit_heading_link": "[elementor-tag id=\"ef9b783\" name=\"site-url\" settings=\"%7B%7D\"]"
                                },
                                "_margin_tablet": {
                                    "unit": "px",
                                    "top": "5",
                                    "right": "0",
                                    "bottom": "0",
                                    "left": "10",
                                    "isLinked": false
                                },
                                "_margin": {
                                    "unit": "px",
                                    "top": "0",
                                    "right": "0",
                                    "bottom": "0",
                                    "left": "10",
                                    "isLinked": false
                                }
                            },
                            "elements": [],
                            "isInner": false,
                            "widgetType": "elementskit-heading",
                            "elType": "widget"
                        },
                        {
                            "id": "41dcf1ee",
                            "settings": {
                                "_element_width": "initial",
                                "_element_custom_width": {
                                    "unit": "px",
                                    "size": 40,
                                    "sizes": []
                                },
                                "_background_background": "classic",
                                "_mask_switch": "yes",
                                "_mask_shape": "custom",
                                "_mask_image": {
                                    "url": "https:\/\/bimberonline.com\/coinclan\/wp-content\/uploads\/sites\/136\/2022\/12\/img-logo-part-01.png",
                                    "id": 323,
                                    "alt": "",
                                    "source": "library"
                                },
                                "__globals__": {
                                    "_background_color": "globals\/colors?id=6364690"
                                },
                                "space": {
                                    "unit": "px",
                                    "size": 40,
                                    "sizes": []
                                },
                                "_position": "absolute",
                                "_offset_y": {
                                    "unit": "px",
                                    "size": 10,
                                    "sizes": []
                                },
                                "_offset_y_tablet": {
                                    "unit": "px",
                                    "size": 8,
                                    "sizes": []
                                },
                                "_offset_y_mobile": {
                                    "unit": "px",
                                    "size": 4,
                                    "sizes": []
                                }
                            },
                            "elements": [],
                            "isInner": false,
                            "widgetType": "spacer",
                            "elType": "widget"
                        }
                    ],
                    "isInner": false,
                    "elType": "column"
                },
                {
                    "id": "382350e",
                    "settings": {
                        "_column_size": 50,
                        "_inline_size": 80,
                        "align": "flex-end",
                        "_inline_size_tablet": 70,
                        "_inline_size_mobile": 40
                    },
                    "elements": [
                        {
                            "id": "61717ef4",
                            "settings": {
                                "_element_width": "auto",
                                "align_items": "right",
                                "pointer": "text",
                                "animation_text": "float",
                                "full_width": "stretch",
                                "padding_horizontal_dropdown_item": {
                                    "unit": "px",
                                    "size": 10,
                                    "sizes": []
                                },
                                "padding_horizontal_dropdown_item_tablet": {
                                    "unit": "px",
                                    "size": 30,
                                    "sizes": []
                                },
                                "padding_vertical_dropdown_item": {
                                    "unit": "px",
                                    "size": 15,
                                    "sizes": []
                                },
                                "padding_vertical_dropdown_item_tablet": {
                                    "unit": "px",
                                    "size": 30,
                                    "sizes": []
                                },
                                "dropdown_top_distance_tablet": {
                                    "unit": "px",
                                    "size": 40,
                                    "sizes": []
                                },
                                "dropdown_top_distance_mobile": {
                                    "unit": "px",
                                    "size": 30,
                                    "sizes": []
                                },
                                "toggle_size_tablet": {
                                    "unit": "px",
                                    "size": 28,
                                    "sizes": []
                                },
                                "__globals__": {
                                    "color_menu_item": "globals\/colors?id=accent",
                                    "menu_typography_typography": "globals\/typography?id=accent",
                                    "dropdown_typography_typography": "globals\/typography?id=accent",
                                    "toggle_color": "globals\/colors?id=accent",
                                    "color_dropdown_item": "globals\/colors?id=text",
                                    "color_dropdown_item_hover": "globals\/colors?id=text",
                                    "background_color_dropdown_item_hover": "globals\/colors?id=ce7668a",
                                    "color_menu_item_hover": "globals\/colors?id=accent",
                                    "background_color_dropdown_item": "globals\/colors?id=bfcfe08",
                                    "toggle_color_hover": "globals\/colors?id=6364690"
                                },
                                "menu_typography_line_height": {
                                    "unit": "em",
                                    "size": "",
                                    "sizes": []
                                },
                                "menu_typography_word_spacing": {
                                    "unit": "em",
                                    "size": "",
                                    "sizes": []
                                },
                                "dropdown_typography_word_spacing": {
                                    "unit": "em",
                                    "size": "",
                                    "sizes": []
                                },
                                "_margin": {
                                    "unit": "px",
                                    "top": "0",
                                    "right": "20",
                                    "bottom": "0",
                                    "left": "0",
                                    "isLinked": false
                                },
                                "_margin_mobile": {
                                    "unit": "px",
                                    "top": "0",
                                    "right": "0",
                                    "bottom": "0",
                                    "left": "0",
                                    "isLinked": true
                                },
                                "padding_vertical_dropdown_item_mobile": {
                                    "unit": "px",
                                    "size": 15,
                                    "sizes": []
                                }
                            },
                            "elements": [],
                            "isInner": false,
                            "widgetType": "nav-menu",
                            "elType": "widget"
                        },
                        {
                            "id": "12582b4a",
                            "settings": {
                                "ekit_socialmedai_list_align": "right",
                                "ekit_socialmedia_add_icons": [
                                    {
                                        "ekit_socialmedia_label": "Facebook",
                                        "_id": "ca106a1",
                                        "__globals__": {
                                            "ekit_socialmedia_icon_color": "globals\/colors?id=bfcfe08",
                                            "ekit_socialmedia_icon_bg_color": "globals\/colors?id=6364690",
                                            "ekit_socialmedia_icon_hover_bg_color": "globals\/colors?id=bfcfe08",
                                            "ekit_socialmedia_icon_hover_color": "globals\/colors?id=primary"
                                        },
                                        "ekit_socialmedia_link": {
                                            "url": "#",
                                            "is_external": "",
                                            "nofollow": "",
                                            "custom_attributes": ""
                                        }
                                    },
                                    {
                                        "ekit_socialmedia_icons": {
                                            "value": "icon icon-twitter",
                                            "library": "ekiticons"
                                        },
                                        "ekit_socialmedia_label": "Twitter",
                                        "_id": "5af0653",
                                        "__globals__": {
                                            "ekit_socialmedia_icon_color": "globals\/colors?id=bfcfe08",
                                            "ekit_socialmedia_icon_bg_color": "globals\/colors?id=fd0e7d8",
                                            "ekit_socialmedia_icon_hover_color": "globals\/colors?id=primary",
                                            "ekit_socialmedia_icon_hover_bg_color": "globals\/colors?id=bfcfe08"
                                        },
                                        "ekit_socialmedia_link": {
                                            "url": "#",
                                            "is_external": "",
                                            "nofollow": "",
                                            "custom_attributes": ""
                                        }
                                    },
                                    {
                                        "ekit_socialmedia_icons": {
                                            "value": "icon icon-linkedin",
                                            "library": "ekiticons"
                                        },
                                        "ekit_socialmedia_label": "LinkedIn",
                                        "_id": "6726d5e",
                                        "__globals__": {
                                            "ekit_socialmedia_icon_color": "globals\/colors?id=bfcfe08",
                                            "ekit_socialmedia_icon_hover_color": "globals\/colors?id=primary",
                                            "ekit_socialmedia_icon_hover_bg_color": "globals\/colors?id=bfcfe08",
                                            "ekit_socialmedia_icon_bg_color": "globals\/colors?id=22ec969"
                                        },
                                        "ekit_socialmedia_link": {
                                            "url": "#",
                                            "is_external": "",
                                            "nofollow": "",
                                            "custom_attributes": ""
                                        }
                                    }
                                ],
                                "ekit_socialmedai_list_decoration_box": "underline",
                                "ekit_socialmedai_list_icon_size": {
                                    "unit": "px",
                                    "size": 16,
                                    "sizes": []
                                },
                                "__globals__": {
                                    "ekit_socialmedai_list_typography_typography": "globals\/typography?id=text"
                                },
                                "_element_width": "auto",
                                "_element_vertical_align": "center",
                                "hide_mobile": "hidden-mobile"
                            },
                            "elements": [],
                            "isInner": false,
                            "widgetType": "elementskit-social-media",
                            "elType": "widget"
                        }
                    ],
                    "isInner": false,
                    "elType": "column"
                }
            ],
            "isInner": false,
            "elType": "section"
        }
    ]
}