{
    "version": "0.4",
    "title": "Our Team",
    "type": "page",
    "metadata": {
        "template_type": "single-page",
        "include_in_zip": "1",
        "elementor_pro_required": "1",
        "wp_page_template": "elementor_header_footer"
    },
    "content": [
        {
            "id": "14d1ad40",
            "settings": {
                "height": "min-height",
                "custom_height": {
                    "unit": "px",
                    "size": 300,
                    "sizes": []
                },
                "background_background": "gradient",
                "background_overlay_background": "classic",
                "background_overlay_image": {
                    "url": "https:\/\/bimberonline.com\/coinclan\/wp-content\/uploads\/sites\/136\/2022\/12\/img-bg-02-min.png",
                    "id": 206,
                    "alt": "",
                    "source": "library"
                },
                "background_overlay_position": "center right",
                "background_overlay_repeat": "no-repeat",
                "background_overlay_size": "initial",
                "background_overlay_bg_width": {
                    "unit": "%",
                    "size": 60,
                    "sizes": []
                },
                "background_overlay_opacity": {
                    "unit": "px",
                    "size": 0.49,
                    "sizes": []
                },
                "css_filters_css_filter": "custom",
                "css_filters_saturate": {
                    "unit": "px",
                    "size": 0,
                    "sizes": []
                },
                "overlay_blend_mode": "multiply",
                "padding": {
                    "unit": "px",
                    "top": "60",
                    "right": "20",
                    "bottom": "60",
                    "left": "20",
                    "isLinked": false
                },
                "__globals__": {
                    "background_color": "globals\/colors?id=primary",
                    "background_color_b": "globals\/colors?id=secondary"
                },
                "shape_divider_bottom": "waves",
                "shape_divider_bottom_width": {
                    "unit": "%",
                    "size": 100,
                    "sizes": []
                },
                "shape_divider_bottom_height": {
                    "unit": "px",
                    "size": 30,
                    "sizes": []
                },
                "overflow": "hidden"
            },
            "elements": [
                {
                    "id": "33c32beb",
                    "settings": {
                        "_column_size": 100,
                        "_inline_size": null,
                        "margin": {
                            "unit": "px",
                            "top": "60",
                            "right": "0",
                            "bottom": "0",
                            "left": "0",
                            "isLinked": false
                        }
                    },
                    "elements": [
                        {
                            "id": "5b615e63",
                            "settings": {
                                "__dynamic__": {
                                    "title": "[elementor-tag id=\"\" name=\"page-title\" settings=\"%7B%22include_context%22%3A%22%22%2C%22show_home_title%22%3A%22%22%2C%22before%22%3A%22%22%2C%22after%22%3A%22%22%2C%22fallback%22%3A%22%22%7D\"]"
                                },
                                "title": "Add Your Heading Text Here",
                                "align": "center",
                                "__globals__": {
                                    "title_color": "globals\/colors?id=ce7668a",
                                    "typography_typography": "globals\/typography?id=71193c7"
                                },
                                "_animation": "fadeInUp",
                                "_animation_delay": 400
                            },
                            "elements": [],
                            "isInner": false,
                            "widgetType": "theme-page-title",
                            "elType": "widget"
                        },
                        {
                            "id": "cbb1601",
                            "settings": {
                                "image": {
                                    "url": "https:\/\/bimberonline.com\/coinclan\/wp-content\/uploads\/sites\/136\/2022\/12\/img-coin-01-min.png",
                                    "id": 374,
                                    "alt": "",
                                    "source": "library"
                                },
                                "image_size": "custom",
                                "image_custom_dimension": {
                                    "width": "300",
                                    "height": "300"
                                },
                                "width": {
                                    "unit": "px",
                                    "size": 170,
                                    "sizes": []
                                },
                                "width_tablet": {
                                    "unit": "px",
                                    "size": 120,
                                    "sizes": []
                                },
                                "width_mobile": {
                                    "unit": "px",
                                    "size": 100,
                                    "sizes": []
                                },
                                "space": {
                                    "unit": "%",
                                    "size": 100,
                                    "sizes": []
                                },
                                "css_filters_css_filter": "custom",
                                "_element_width": "auto",
                                "_element_custom_width": {
                                    "unit": "px",
                                    "size": 298,
                                    "sizes": []
                                },
                                "_element_custom_width_tablet": {
                                    "unit": "%",
                                    "size": "",
                                    "sizes": []
                                },
                                "_element_custom_width_mobile": {
                                    "unit": "%",
                                    "size": "",
                                    "sizes": []
                                },
                                "_position": "absolute",
                                "_offset_orientation_v": "end",
                                "_offset_y_end": {
                                    "size": -125,
                                    "unit": "px"
                                },
                                "_offset_x": {
                                    "size": 0,
                                    "unit": "px"
                                },
                                "_animation": "fadeInLeft"
                            },
                            "elements": [],
                            "isInner": false,
                            "widgetType": "image",
                            "elType": "widget"
                        },
                        {
                            "id": "1fa8127e",
                            "settings": {
                                "image": {
                                    "url": "https:\/\/bimberonline.com\/coinclan\/wp-content\/uploads\/sites\/136\/2022\/12\/img-coin-02-min.png",
                                    "id": 375,
                                    "alt": "",
                                    "source": "library"
                                },
                                "image_size": "custom",
                                "image_custom_dimension": {
                                    "width": "300",
                                    "height": "300"
                                },
                                "width": {
                                    "unit": "px",
                                    "size": 120,
                                    "sizes": []
                                },
                                "width_tablet": {
                                    "unit": "px",
                                    "size": 90,
                                    "sizes": []
                                },
                                "width_mobile": {
                                    "unit": "px",
                                    "size": 65,
                                    "sizes": []
                                },
                                "space": {
                                    "unit": "%",
                                    "size": 100,
                                    "sizes": []
                                },
                                "_element_width": "auto",
                                "_element_custom_width": {
                                    "unit": "px",
                                    "size": 298,
                                    "sizes": []
                                },
                                "_element_custom_width_tablet": {
                                    "unit": "%",
                                    "size": "",
                                    "sizes": []
                                },
                                "_element_custom_width_mobile": {
                                    "unit": "%",
                                    "size": "",
                                    "sizes": []
                                },
                                "_position": "absolute",
                                "_offset_orientation_h": "end",
                                "_offset_y_end": {
                                    "unit": "px",
                                    "size": -90,
                                    "sizes": []
                                },
                                "_offset_y_mobile": {
                                    "unit": "px",
                                    "size": 150,
                                    "sizes": []
                                },
                                "_animation": "fadeInRight",
                                "_animation_delay": 200,
                                "_offset_orientation_v": "end",
                                "_offset_y_tablet": {
                                    "unit": "px",
                                    "size": 100,
                                    "sizes": []
                                }
                            },
                            "elements": [],
                            "isInner": false,
                            "widgetType": "image",
                            "elType": "widget"
                        }
                    ],
                    "isInner": false,
                    "elType": "column"
                }
            ],
            "isInner": false,
            "elType": "section"
        },
        {
            "id": "181e01fc",
            "settings": {
                "padding": {
                    "unit": "px",
                    "top": "90",
                    "right": "20",
                    "bottom": "60",
                    "left": "20",
                    "isLinked": false
                },
                "background_color_b": "#401A8F",
                "background_overlay_image": {
                    "url": "",
                    "id": "",
                    "alt": "",
                    "source": "library"
                },
                "background_overlay_position": "center center",
                "background_overlay_repeat": "no-repeat",
                "background_overlay_size": "cover",
                "background_overlay_opacity": {
                    "unit": "px",
                    "size": 1,
                    "sizes": []
                },
                "css_filters_css_filter": "custom",
                "css_filters_saturate": {
                    "unit": "px",
                    "size": 0,
                    "sizes": []
                },
                "overlay_blend_mode": "multiply",
                "shape_divider_top_width": {
                    "unit": "%",
                    "size": 100,
                    "sizes": []
                },
                "shape_divider_top_height": {
                    "unit": "px",
                    "size": 30,
                    "sizes": []
                },
                "shape_divider_bottom": "waves",
                "shape_divider_bottom_color": "#FFFFFF",
                "shape_divider_bottom_width": {
                    "unit": "%",
                    "size": 100,
                    "sizes": []
                },
                "shape_divider_bottom_height": {
                    "unit": "px",
                    "size": 30,
                    "sizes": []
                },
                "__globals__": {
                    "background_color": "",
                    "background_color_b": "globals\/colors?id=secondary",
                    "shape_divider_top_color": "",
                    "shape_divider_bottom_color": "globals\/colors?id=bfcfe08"
                },
                "padding_mobile": {
                    "unit": "px",
                    "top": "60",
                    "right": "20",
                    "bottom": "0",
                    "left": "20",
                    "isLinked": false
                }
            },
            "elements": [
                {
                    "id": "4c933813",
                    "settings": {
                        "_column_size": 100,
                        "_inline_size": null
                    },
                    "elements": [
                        {
                            "id": "332c06c8",
                            "settings": {
                                "ekit_heading_title": "Our Expert Crew Meet {{Our Leadership}}",
                                "ekit_heading_sub_title": "Time has changed",
                                "ekit_heading_section_extra_title_show": "yes",
                                "ekit_heading_extra_title": "<p>Est sit amet facilisis magna etiam tempor orci eu lobortis. <br \/>Eu nisl nunc mi ipsum faucibus vitae.<\/p>",
                                "shadow_text_content": "bussiness",
                                "ekit_heading_show_seperator": "",
                                "ekit_heading_seperator_style": "elementskit-border-star",
                                "ekit_heading_title_margin": {
                                    "unit": "px",
                                    "top": "0",
                                    "right": "0",
                                    "bottom": "0",
                                    "left": "0",
                                    "isLinked": true
                                },
                                "__globals__": {
                                    "ekit_heading_extra_title_typography_typography": "globals\/typography?id=aed2ccb",
                                    "ekit_heading_title_typography_typography": "globals\/typography?id=71193c7",
                                    "ekit_heading_focused_title_typography_typography": "globals\/typography?id=e97fdb7",
                                    "ekit_heading_focused_title_color": "globals\/colors?id=primary",
                                    "ekit_heading_focused_title_color_hover": "globals\/colors?id=primary",
                                    "ekit_heading_title_color": "globals\/colors?id=text",
                                    "ekit_heading_title_color_hover": "globals\/colors?id=text",
                                    "ekit_heading_extra_title_color": "globals\/colors?id=text"
                                },
                                "ekit_heading_title_align": "text_center",
                                "_margin": {
                                    "unit": "%",
                                    "top": "0",
                                    "right": "20",
                                    "bottom": "1",
                                    "left": "20",
                                    "isLinked": false
                                },
                                "_margin_tablet": {
                                    "unit": "%",
                                    "top": "0",
                                    "right": "0",
                                    "bottom": "0",
                                    "left": "0",
                                    "isLinked": false
                                },
                                "_margin_mobile": {
                                    "unit": "%",
                                    "top": "0",
                                    "right": "0",
                                    "bottom": "0",
                                    "left": "0",
                                    "isLinked": false
                                }
                            },
                            "elements": [],
                            "isInner": false,
                            "widgetType": "elementskit-heading",
                            "elType": "widget"
                        },
                        {
                            "id": "1236ad9c",
                            "settings": {
                                "structure": "30",
                                "margin": {
                                    "unit": "px",
                                    "top": "",
                                    "right": 0,
                                    "bottom": "",
                                    "left": 0,
                                    "isLinked": true
                                },
                                "margin_mobile": {
                                    "unit": "px",
                                    "top": "0",
                                    "right": 0,
                                    "bottom": "0",
                                    "left": 0,
                                    "isLinked": false
                                }
                            },
                            "elements": [
                                {
                                    "id": "16bbb85c",
                                    "settings": {
                                        "_column_size": 33,
                                        "_inline_size": null,
                                        "margin": {
                                            "unit": "px",
                                            "top": "20",
                                            "right": "20",
                                            "bottom": "20",
                                            "left": "20",
                                            "isLinked": true
                                        },
                                        "padding": {
                                            "unit": "px",
                                            "top": "60",
                                            "right": "40",
                                            "bottom": "60",
                                            "left": "40",
                                            "isLinked": false
                                        },
                                        "align": "center",
                                        "margin_tablet": {
                                            "unit": "px",
                                            "top": "20",
                                            "right": "20",
                                            "bottom": "20",
                                            "left": "20",
                                            "isLinked": true
                                        },
                                        "padding_tablet": {
                                            "unit": "px",
                                            "top": "60",
                                            "right": "30",
                                            "bottom": "60",
                                            "left": "30",
                                            "isLinked": false
                                        },
                                        "_inline_size_tablet": 100,
                                        "margin_mobile": {
                                            "unit": "px",
                                            "top": "30",
                                            "right": "10",
                                            "bottom": "30",
                                            "left": "10",
                                            "isLinked": false
                                        },
                                        "padding_mobile": {
                                            "unit": "px",
                                            "top": "40",
                                            "right": "30",
                                            "bottom": "40",
                                            "left": "30",
                                            "isLinked": false
                                        },
                                        "background_background": "classic",
                                        "border_radius": {
                                            "unit": "px",
                                            "top": "10",
                                            "right": "10",
                                            "bottom": "10",
                                            "left": "10",
                                            "isLinked": true
                                        },
                                        "__globals__": {
                                            "background_color": "globals\/colors?id=bfcfe08"
                                        }
                                    },
                                    "elements": [
                                        {
                                            "id": "4641de79",
                                            "settings": {
                                                "space": {
                                                    "unit": "px",
                                                    "size": 100,
                                                    "sizes": []
                                                },
                                                "_background_background": "classic",
                                                "_background_image": {
                                                    "url": "https:\/\/bimberonline.com\/coinclan\/wp-content\/uploads\/sites\/136\/2022\/12\/im-image-section-02-v2.jpg",
                                                    "id": 290,
                                                    "alt": "",
                                                    "source": "library"
                                                },
                                                "_background_position": "center center",
                                                "_background_repeat": "no-repeat",
                                                "_background_size": "cover",
                                                "_element_width": "initial",
                                                "_element_custom_width": {
                                                    "unit": "px",
                                                    "size": 100,
                                                    "sizes": []
                                                },
                                                "_offset_orientation_h": "end",
                                                "__globals__": {
                                                    "_background_color": ""
                                                },
                                                "_offset_x_end_mobile": {
                                                    "unit": "vw",
                                                    "size": 1,
                                                    "sizes": []
                                                },
                                                "_offset_y_mobile": {
                                                    "unit": "vw",
                                                    "size": -20,
                                                    "sizes": []
                                                },
                                                "_border_radius": {
                                                    "unit": "%",
                                                    "top": "100",
                                                    "right": "100",
                                                    "bottom": "100",
                                                    "left": "100",
                                                    "isLinked": true
                                                },
                                                "space_mobile": {
                                                    "unit": "px",
                                                    "size": 80,
                                                    "sizes": []
                                                },
                                                "_element_width_mobile": "initial",
                                                "_element_custom_width_mobile": {
                                                    "unit": "px",
                                                    "size": 80,
                                                    "sizes": []
                                                }
                                            },
                                            "elements": [],
                                            "isInner": false,
                                            "widgetType": "spacer",
                                            "elType": "widget"
                                        },
                                        {
                                            "id": "61736d0d",
                                            "settings": {
                                                "selected_icon": {
                                                    "value": "",
                                                    "library": ""
                                                },
                                                "title_text": "Jacob C. Huffman",
                                                "description_text": "Lorem ipsum dolor sit amet, consectetur adipiscing elit. Ut elit tellus, luctus nec ullamcorper mattis, pulvinar dapibus leo.",
                                                "_margin": {
                                                    "unit": "px",
                                                    "top": "20",
                                                    "right": "0",
                                                    "bottom": "20",
                                                    "left": "0",
                                                    "isLinked": false
                                                },
                                                "__globals__": {
                                                    "title_color": "globals\/colors?id=text",
                                                    "description_color": "globals\/colors?id=text",
                                                    "title_typography_typography": "globals\/typography?id=c4d8f9b",
                                                    "description_typography_typography": "globals\/typography?id=text"
                                                },
                                                "rotate_tablet": {
                                                    "unit": "deg",
                                                    "size": "",
                                                    "sizes": []
                                                },
                                                "rotate_mobile": {
                                                    "unit": "deg",
                                                    "size": "",
                                                    "sizes": []
                                                },
                                                "description_typography_line_height": {
                                                    "unit": "em",
                                                    "size": "",
                                                    "sizes": []
                                                },
                                                "description_typography_word_spacing": {
                                                    "unit": "em",
                                                    "size": "",
                                                    "sizes": []
                                                }
                                            },
                                            "elements": [],
                                            "isInner": false,
                                            "widgetType": "icon-box",
                                            "elType": "widget"
                                        },
                                        {
                                            "id": "23bdb0fd",
                                            "settings": {
                                                "ekit_socialmedia_add_icons": [
                                                    {
                                                        "ekit_socialmedia_label": "Facebook",
                                                        "_id": "ca106a1",
                                                        "__globals__": {
                                                            "ekit_socialmedia_icon_color": "globals\/colors?id=bfcfe08",
                                                            "ekit_socialmedia_icon_bg_color": "globals\/colors?id=6364690",
                                                            "ekit_socialmedia_icon_hover_bg_color": "globals\/colors?id=primary"
                                                        },
                                                        "ekit_socialmedia_link": {
                                                            "url": "#",
                                                            "is_external": "",
                                                            "nofollow": "",
                                                            "custom_attributes": ""
                                                        }
                                                    },
                                                    {
                                                        "ekit_socialmedia_icons": {
                                                            "value": "icon icon-twitter",
                                                            "library": "ekiticons"
                                                        },
                                                        "ekit_socialmedia_label": "Twitter",
                                                        "_id": "5af0653",
                                                        "__globals__": {
                                                            "ekit_socialmedia_icon_color": "globals\/colors?id=bfcfe08",
                                                            "ekit_socialmedia_icon_bg_color": "globals\/colors?id=fd0e7d8",
                                                            "ekit_socialmedia_icon_hover_color": "globals\/colors?id=ce7668a",
                                                            "ekit_socialmedia_icon_hover_bg_color": "globals\/colors?id=primary"
                                                        },
                                                        "ekit_socialmedia_link": {
                                                            "url": "#",
                                                            "is_external": "",
                                                            "nofollow": "",
                                                            "custom_attributes": ""
                                                        }
                                                    },
                                                    {
                                                        "ekit_socialmedia_icons": {
                                                            "value": "icon icon-linkedin",
                                                            "library": "ekiticons"
                                                        },
                                                        "ekit_socialmedia_label": "LinkedIn",
                                                        "_id": "6726d5e",
                                                        "__globals__": {
                                                            "ekit_socialmedia_icon_color": "globals\/colors?id=bfcfe08",
                                                            "ekit_socialmedia_icon_hover_color": "globals\/colors?id=bfcfe08",
                                                            "ekit_socialmedia_icon_hover_bg_color": "globals\/colors?id=primary",
                                                            "ekit_socialmedia_icon_bg_color": "globals\/colors?id=22ec969"
                                                        },
                                                        "ekit_socialmedia_link": {
                                                            "url": "#",
                                                            "is_external": "",
                                                            "nofollow": "",
                                                            "custom_attributes": ""
                                                        }
                                                    }
                                                ],
                                                "ekit_socialmedai_list_decoration_box": "underline",
                                                "ekit_socialmedai_list_icon_size": {
                                                    "unit": "px",
                                                    "size": 16,
                                                    "sizes": []
                                                },
                                                "__globals__": {
                                                    "ekit_socialmedai_list_typography_typography": "globals\/typography?id=text"
                                                }
                                            },
                                            "elements": [],
                                            "isInner": false,
                                            "widgetType": "elementskit-social-media",
                                            "elType": "widget"
                                        }
                                    ],
                                    "isInner": true,
                                    "elType": "column"
                                },
                                {
                                    "id": "36ec767e",
                                    "settings": {
                                        "_column_size": 33,
                                        "_inline_size": null,
                                        "box_shadow_box_shadow_type": "yes",
                                        "box_shadow_box_shadow": {
                                            "horizontal": 10,
                                            "vertical": 10,
                                            "blur": 40,
                                            "spread": 0,
                                            "color": "rgba(0, 0, 0, 0.1)"
                                        },
                                        "margin": {
                                            "unit": "px",
                                            "top": "20",
                                            "right": "20",
                                            "bottom": "20",
                                            "left": "20",
                                            "isLinked": true
                                        },
                                        "padding": {
                                            "unit": "px",
                                            "top": "60",
                                            "right": "40",
                                            "bottom": "60",
                                            "left": "40",
                                            "isLinked": false
                                        },
                                        "align": "center",
                                        "margin_tablet": {
                                            "unit": "px",
                                            "top": "20",
                                            "right": "20",
                                            "bottom": "20",
                                            "left": "20",
                                            "isLinked": true
                                        },
                                        "padding_tablet": {
                                            "unit": "px",
                                            "top": "60",
                                            "right": "30",
                                            "bottom": "60",
                                            "left": "30",
                                            "isLinked": false
                                        },
                                        "_inline_size_tablet": 100,
                                        "margin_mobile": {
                                            "unit": "px",
                                            "top": "30",
                                            "right": "10",
                                            "bottom": "30",
                                            "left": "10",
                                            "isLinked": false
                                        },
                                        "padding_mobile": {
                                            "unit": "px",
                                            "top": "40",
                                            "right": "30",
                                            "bottom": "40",
                                            "left": "30",
                                            "isLinked": false
                                        },
                                        "background_background": "classic",
                                        "border_radius": {
                                            "unit": "px",
                                            "top": "10",
                                            "right": "10",
                                            "bottom": "10",
                                            "left": "10",
                                            "isLinked": true
                                        },
                                        "__globals__": {
                                            "background_color": "globals\/colors?id=bfcfe08"
                                        }
                                    },
                                    "elements": [
                                        {
                                            "id": "57271334",
                                            "settings": {
                                                "space": {
                                                    "unit": "px",
                                                    "size": 100,
                                                    "sizes": []
                                                },
                                                "_background_background": "classic",
                                                "_background_image": {
                                                    "url": "https:\/\/bimberonline.com\/coinclan\/wp-content\/uploads\/sites\/136\/2022\/12\/im-image-section-07-v2.jpg",
                                                    "id": 291,
                                                    "alt": "",
                                                    "source": "library"
                                                },
                                                "_background_position": "center center",
                                                "_background_repeat": "no-repeat",
                                                "_background_size": "cover",
                                                "_element_width": "initial",
                                                "_element_custom_width": {
                                                    "unit": "px",
                                                    "size": 100,
                                                    "sizes": []
                                                },
                                                "_offset_orientation_h": "end",
                                                "__globals__": {
                                                    "_background_color": ""
                                                },
                                                "_offset_x_end_mobile": {
                                                    "unit": "vw",
                                                    "size": 1,
                                                    "sizes": []
                                                },
                                                "_offset_y_mobile": {
                                                    "unit": "vw",
                                                    "size": -20,
                                                    "sizes": []
                                                },
                                                "_border_radius": {
                                                    "unit": "%",
                                                    "top": "100",
                                                    "right": "100",
                                                    "bottom": "100",
                                                    "left": "100",
                                                    "isLinked": true
                                                },
                                                "space_mobile": {
                                                    "unit": "px",
                                                    "size": 80,
                                                    "sizes": []
                                                },
                                                "_element_width_mobile": "initial",
                                                "_element_custom_width_mobile": {
                                                    "unit": "px",
                                                    "size": 80,
                                                    "sizes": []
                                                }
                                            },
                                            "elements": [],
                                            "isInner": false,
                                            "widgetType": "spacer",
                                            "elType": "widget"
                                        },
                                        {
                                            "id": "429cd224",
                                            "settings": {
                                                "selected_icon": {
                                                    "value": "",
                                                    "library": ""
                                                },
                                                "title_text": "Gina F. Cox",
                                                "description_text": "Lorem ipsum dolor sit amet, consectetur adipiscing elit. Ut elit tellus, luctus nec ullamcorper mattis, pulvinar dapibus leo.",
                                                "_margin": {
                                                    "unit": "px",
                                                    "top": "20",
                                                    "right": "0",
                                                    "bottom": "20",
                                                    "left": "0",
                                                    "isLinked": false
                                                },
                                                "__globals__": {
                                                    "title_color": "globals\/colors?id=text",
                                                    "description_color": "globals\/colors?id=text",
                                                    "title_typography_typography": "globals\/typography?id=c4d8f9b",
                                                    "description_typography_typography": "globals\/typography?id=text"
                                                },
                                                "rotate_tablet": {
                                                    "unit": "deg",
                                                    "size": "",
                                                    "sizes": []
                                                },
                                                "rotate_mobile": {
                                                    "unit": "deg",
                                                    "size": "",
                                                    "sizes": []
                                                },
                                                "description_typography_line_height": {
                                                    "unit": "em",
                                                    "size": "",
                                                    "sizes": []
                                                },
                                                "description_typography_word_spacing": {
                                                    "unit": "em",
                                                    "size": "",
                                                    "sizes": []
                                                }
                                            },
                                            "elements": [],
                                            "isInner": false,
                                            "widgetType": "icon-box",
                                            "elType": "widget"
                                        },
                                        {
                                            "id": "4d7c42a",
                                            "settings": {
                                                "ekit_socialmedia_add_icons": [
                                                    {
                                                        "ekit_socialmedia_label": "Facebook",
                                                        "_id": "ca106a1",
                                                        "__globals__": {
                                                            "ekit_socialmedia_icon_color": "globals\/colors?id=bfcfe08",
                                                            "ekit_socialmedia_icon_bg_color": "globals\/colors?id=6364690",
                                                            "ekit_socialmedia_icon_hover_bg_color": "globals\/colors?id=18479c7"
                                                        },
                                                        "ekit_socialmedia_link": {
                                                            "url": "#",
                                                            "is_external": "",
                                                            "nofollow": "",
                                                            "custom_attributes": ""
                                                        }
                                                    },
                                                    {
                                                        "ekit_socialmedia_icons": {
                                                            "value": "icon icon-twitter",
                                                            "library": "ekiticons"
                                                        },
                                                        "ekit_socialmedia_label": "Twitter",
                                                        "_id": "5af0653",
                                                        "__globals__": {
                                                            "ekit_socialmedia_icon_color": "globals\/colors?id=bfcfe08",
                                                            "ekit_socialmedia_icon_bg_color": "globals\/colors?id=fd0e7d8",
                                                            "ekit_socialmedia_icon_hover_color": "globals\/colors?id=ce7668a",
                                                            "ekit_socialmedia_icon_hover_bg_color": "globals\/colors?id=18479c7"
                                                        },
                                                        "ekit_socialmedia_link": {
                                                            "url": "#",
                                                            "is_external": "",
                                                            "nofollow": "",
                                                            "custom_attributes": ""
                                                        }
                                                    },
                                                    {
                                                        "ekit_socialmedia_icons": {
                                                            "value": "icon icon-linkedin",
                                                            "library": "ekiticons"
                                                        },
                                                        "ekit_socialmedia_label": "LinkedIn",
                                                        "_id": "6726d5e",
                                                        "__globals__": {
                                                            "ekit_socialmedia_icon_color": "globals\/colors?id=bfcfe08",
                                                            "ekit_socialmedia_icon_hover_color": "globals\/colors?id=bfcfe08",
                                                            "ekit_socialmedia_icon_hover_bg_color": "globals\/colors?id=18479c7",
                                                            "ekit_socialmedia_icon_bg_color": "globals\/colors?id=22ec969"
                                                        },
                                                        "ekit_socialmedia_link": {
                                                            "url": "#",
                                                            "is_external": "",
                                                            "nofollow": "",
                                                            "custom_attributes": ""
                                                        }
                                                    }
                                                ],
                                                "ekit_socialmedai_list_decoration_box": "underline",
                                                "ekit_socialmedai_list_icon_size": {
                                                    "unit": "px",
                                                    "size": 16,
                                                    "sizes": []
                                                },
                                                "__globals__": {
                                                    "ekit_socialmedai_list_typography_typography": "globals\/typography?id=text"
                                                }
                                            },
                                            "elements": [],
                                            "isInner": false,
                                            "widgetType": "elementskit-social-media",
                                            "elType": "widget"
                                        }
                                    ],
                                    "isInner": true,
                                    "elType": "column"
                                },
                                {
                                    "id": "a822d51",
                                    "settings": {
                                        "_column_size": 33,
                                        "_inline_size": null,
                                        "margin": {
                                            "unit": "px",
                                            "top": "20",
                                            "right": "20",
                                            "bottom": "20",
                                            "left": "20",
                                            "isLinked": true
                                        },
                                        "padding": {
                                            "unit": "px",
                                            "top": "60",
                                            "right": "40",
                                            "bottom": "60",
                                            "left": "40",
                                            "isLinked": false
                                        },
                                        "align": "center",
                                        "margin_tablet": {
                                            "unit": "px",
                                            "top": "20",
                                            "right": "20",
                                            "bottom": "20",
                                            "left": "20",
                                            "isLinked": true
                                        },
                                        "padding_tablet": {
                                            "unit": "px",
                                            "top": "60",
                                            "right": "30",
                                            "bottom": "60",
                                            "left": "30",
                                            "isLinked": false
                                        },
                                        "_inline_size_tablet": 100,
                                        "margin_mobile": {
                                            "unit": "px",
                                            "top": "30",
                                            "right": "10",
                                            "bottom": "30",
                                            "left": "10",
                                            "isLinked": false
                                        },
                                        "padding_mobile": {
                                            "unit": "px",
                                            "top": "40",
                                            "right": "30",
                                            "bottom": "40",
                                            "left": "30",
                                            "isLinked": false
                                        },
                                        "background_background": "classic",
                                        "border_radius": {
                                            "unit": "px",
                                            "top": "10",
                                            "right": "10",
                                            "bottom": "10",
                                            "left": "10",
                                            "isLinked": true
                                        },
                                        "__globals__": {
                                            "background_color": "globals\/colors?id=bfcfe08"
                                        }
                                    },
                                    "elements": [
                                        {
                                            "id": "1c370390",
                                            "settings": {
                                                "space": {
                                                    "unit": "px",
                                                    "size": 100,
                                                    "sizes": []
                                                },
                                                "_background_background": "classic",
                                                "_background_image": {
                                                    "url": "https:\/\/bimberonline.com\/coinclan\/wp-content\/uploads\/sites\/136\/2022\/12\/im-image-section-08-v2.jpg",
                                                    "id": 289,
                                                    "alt": "",
                                                    "source": "library"
                                                },
                                                "_background_position": "center center",
                                                "_background_repeat": "no-repeat",
                                                "_background_size": "cover",
                                                "_element_width": "initial",
                                                "_element_custom_width": {
                                                    "unit": "px",
                                                    "size": 100,
                                                    "sizes": []
                                                },
                                                "_offset_orientation_h": "end",
                                                "__globals__": {
                                                    "_background_color": ""
                                                },
                                                "_offset_x_end_mobile": {
                                                    "unit": "vw",
                                                    "size": 1,
                                                    "sizes": []
                                                },
                                                "_offset_y_mobile": {
                                                    "unit": "vw",
                                                    "size": -20,
                                                    "sizes": []
                                                },
                                                "_border_radius": {
                                                    "unit": "%",
                                                    "top": "100",
                                                    "right": "100",
                                                    "bottom": "100",
                                                    "left": "100",
                                                    "isLinked": true
                                                },
                                                "space_mobile": {
                                                    "unit": "px",
                                                    "size": 80,
                                                    "sizes": []
                                                },
                                                "_element_width_mobile": "initial",
                                                "_element_custom_width_mobile": {
                                                    "unit": "px",
                                                    "size": 80,
                                                    "sizes": []
                                                }
                                            },
                                            "elements": [],
                                            "isInner": false,
                                            "widgetType": "spacer",
                                            "elType": "widget"
                                        },
                                        {
                                            "id": "43872950",
                                            "settings": {
                                                "selected_icon": {
                                                    "value": "",
                                                    "library": ""
                                                },
                                                "title_text": "William A. Baze",
                                                "description_text": "Lorem ipsum dolor sit amet, consectetur adipiscing elit. Ut elit tellus, luctus nec ullamcorper mattis, pulvinar dapibus leo.",
                                                "_margin": {
                                                    "unit": "px",
                                                    "top": "20",
                                                    "right": "0",
                                                    "bottom": "20",
                                                    "left": "0",
                                                    "isLinked": false
                                                },
                                                "__globals__": {
                                                    "title_color": "globals\/colors?id=text",
                                                    "description_color": "globals\/colors?id=text",
                                                    "title_typography_typography": "globals\/typography?id=c4d8f9b",
                                                    "description_typography_typography": "globals\/typography?id=text"
                                                },
                                                "rotate_tablet": {
                                                    "unit": "deg",
                                                    "size": "",
                                                    "sizes": []
                                                },
                                                "rotate_mobile": {
                                                    "unit": "deg",
                                                    "size": "",
                                                    "sizes": []
                                                },
                                                "description_typography_line_height": {
                                                    "unit": "em",
                                                    "size": "",
                                                    "sizes": []
                                                },
                                                "description_typography_word_spacing": {
                                                    "unit": "em",
                                                    "size": "",
                                                    "sizes": []
                                                }
                                            },
                                            "elements": [],
                                            "isInner": false,
                                            "widgetType": "icon-box",
                                            "elType": "widget"
                                        },
                                        {
                                            "id": "34d9c0e7",
                                            "settings": {
                                                "ekit_socialmedia_add_icons": [
                                                    {
                                                        "ekit_socialmedia_label": "Facebook",
                                                        "_id": "ca106a1",
                                                        "__globals__": {
                                                            "ekit_socialmedia_icon_color": "globals\/colors?id=bfcfe08",
                                                            "ekit_socialmedia_icon_bg_color": "globals\/colors?id=6364690",
                                                            "ekit_socialmedia_icon_hover_bg_color": "globals\/colors?id=18479c7"
                                                        },
                                                        "ekit_socialmedia_link": {
                                                            "url": "#",
                                                            "is_external": "",
                                                            "nofollow": "",
                                                            "custom_attributes": ""
                                                        }
                                                    },
                                                    {
                                                        "ekit_socialmedia_icons": {
                                                            "value": "icon icon-twitter",
                                                            "library": "ekiticons"
                                                        },
                                                        "ekit_socialmedia_label": "Twitter",
                                                        "_id": "5af0653",
                                                        "__globals__": {
                                                            "ekit_socialmedia_icon_color": "globals\/colors?id=bfcfe08",
                                                            "ekit_socialmedia_icon_bg_color": "globals\/colors?id=fd0e7d8",
                                                            "ekit_socialmedia_icon_hover_color": "globals\/colors?id=ce7668a",
                                                            "ekit_socialmedia_icon_hover_bg_color": "globals\/colors?id=18479c7"
                                                        },
                                                        "ekit_socialmedia_link": {
                                                            "url": "#",
                                                            "is_external": "",
                                                            "nofollow": "",
                                                            "custom_attributes": ""
                                                        }
                                                    },
                                                    {
                                                        "ekit_socialmedia_icons": {
                                                            "value": "icon icon-linkedin",
                                                            "library": "ekiticons"
                                                        },
                                                        "ekit_socialmedia_label": "LinkedIn",
                                                        "_id": "6726d5e",
                                                        "__globals__": {
                                                            "ekit_socialmedia_icon_color": "globals\/colors?id=bfcfe08",
                                                            "ekit_socialmedia_icon_hover_color": "globals\/colors?id=bfcfe08",
                                                            "ekit_socialmedia_icon_hover_bg_color": "globals\/colors?id=18479c7",
                                                            "ekit_socialmedia_icon_bg_color": "globals\/colors?id=22ec969"
                                                        },
                                                        "ekit_socialmedia_link": {
                                                            "url": "#",
                                                            "is_external": "",
                                                            "nofollow": "",
                                                            "custom_attributes": ""
                                                        }
                                                    }
                                                ],
                                                "ekit_socialmedai_list_decoration_box": "underline",
                                                "ekit_socialmedai_list_icon_size": {
                                                    "unit": "px",
                                                    "size": 16,
                                                    "sizes": []
                                                },
                                                "__globals__": {
                                                    "ekit_socialmedai_list_typography_typography": "globals\/typography?id=text"
                                                }
                                            },
                                            "elements": [],
                                            "isInner": false,
                                            "widgetType": "elementskit-social-media",
                                            "elType": "widget"
                                        }
                                    ],
                                    "isInner": true,
                                    "elType": "column"
                                }
                            ],
                            "isInner": true,
                            "elType": "section"
                        }
                    ],
                    "isInner": false,
                    "elType": "column"
                }
            ],
            "isInner": false,
            "elType": "section"
        }
    ]
}