{
    "version": "0.4",
    "title": "Single Post",
    "type": "single-post",
    "metadata": {
        "template_type": "single-post",
        "include_in_zip": "1",
        "elementor_pro_required": "1",
        "elementor_library_type": "single-post",
        "elementor_pro_conditions": [
            "include\/singular\/post"
        ],
        "additional_template_information": [
            "This is a \"Single Post\" template for Elementor Pro.",
            "This template will display on: Posts."
        ],
        "wp_page_template": "default"
    },
    "content": [
        {
            "id": "41ceb483",
            "settings": {
                "height": "min-height",
                "custom_height": {
                    "unit": "px",
                    "size": 300,
                    "sizes": []
                },
                "background_background": "gradient",
                "background_overlay_background": "classic",
                "background_overlay_image": {
                    "url": "https:\/\/bimberonline.com\/coinclan\/wp-content\/uploads\/sites\/136\/2022\/12\/img-bg-02-min.png",
                    "id": 206,
                    "alt": "",
                    "source": "library"
                },
                "background_overlay_position": "center right",
                "background_overlay_repeat": "no-repeat",
                "background_overlay_size": "initial",
                "background_overlay_bg_width": {
                    "unit": "%",
                    "size": 60,
                    "sizes": []
                },
                "background_overlay_opacity": {
                    "unit": "px",
                    "size": 0.49,
                    "sizes": []
                },
                "css_filters_css_filter": "custom",
                "css_filters_saturate": {
                    "unit": "px",
                    "size": 0,
                    "sizes": []
                },
                "overlay_blend_mode": "multiply",
                "padding": {
                    "unit": "px",
                    "top": "60",
                    "right": "20",
                    "bottom": "60",
                    "left": "20",
                    "isLinked": false
                },
                "__globals__": {
                    "background_color": "globals\/colors?id=primary",
                    "background_color_b": "globals\/colors?id=secondary"
                },
                "shape_divider_bottom": "waves",
                "shape_divider_bottom_width": {
                    "unit": "%",
                    "size": 100,
                    "sizes": []
                },
                "shape_divider_bottom_height": {
                    "unit": "px",
                    "size": 30,
                    "sizes": []
                },
                "overflow": "hidden"
            },
            "elements": [
                {
                    "id": "7557bdbe",
                    "settings": {
                        "_column_size": 100,
                        "_inline_size": null,
                        "margin": {
                            "unit": "px",
                            "top": "60",
                            "right": "0",
                            "bottom": "0",
                            "left": "0",
                            "isLinked": false
                        }
                    },
                    "elements": [
                        {
                            "id": "6ca31bb2",
                            "settings": {
                                "__dynamic__": {
                                    "title": "[elementor-tag id=\"\" name=\"post-title\" settings=\"%7B%22before%22%3A%22%22%2C%22after%22%3A%22%22%2C%22fallback%22%3A%22%22%7D\"]"
                                },
                                "title": "Add Your Heading Text Here",
                                "align": "center",
                                "_margin": {
                                    "unit": "%",
                                    "top": "0",
                                    "right": "15",
                                    "bottom": "0",
                                    "left": "15",
                                    "isLinked": false
                                },
                                "_margin_tablet": {
                                    "unit": "%",
                                    "top": "",
                                    "right": "",
                                    "bottom": "",
                                    "left": "",
                                    "isLinked": true
                                },
                                "_margin_mobile": {
                                    "unit": "%",
                                    "top": "0",
                                    "right": "0",
                                    "bottom": "0",
                                    "left": "0",
                                    "isLinked": false
                                },
                                "__globals__": {
                                    "typography_typography": "globals\/typography?id=71193c7",
                                    "title_color": "globals\/colors?id=bfcfe08"
                                }
                            },
                            "elements": [],
                            "isInner": false,
                            "widgetType": "theme-post-title",
                            "elType": "widget"
                        },
                        {
                            "id": "7c172203",
                            "settings": {
                                "image": {
                                    "url": "https:\/\/bimberonline.com\/coinclan\/wp-content\/uploads\/sites\/136\/2022\/12\/img-coin-01-min.png",
                                    "id": 374,
                                    "alt": "",
                                    "source": "library"
                                },
                                "image_size": "custom",
                                "image_custom_dimension": {
                                    "width": "300",
                                    "height": "300"
                                },
                                "width": {
                                    "unit": "px",
                                    "size": 170,
                                    "sizes": []
                                },
                                "width_tablet": {
                                    "unit": "px",
                                    "size": 120,
                                    "sizes": []
                                },
                                "width_mobile": {
                                    "unit": "px",
                                    "size": 100,
                                    "sizes": []
                                },
                                "space": {
                                    "unit": "%",
                                    "size": 100,
                                    "sizes": []
                                },
                                "css_filters_css_filter": "custom",
                                "_element_width": "auto",
                                "_element_custom_width": {
                                    "unit": "px",
                                    "size": 298,
                                    "sizes": []
                                },
                                "_element_custom_width_tablet": {
                                    "unit": "%",
                                    "size": "",
                                    "sizes": []
                                },
                                "_element_custom_width_mobile": {
                                    "unit": "%",
                                    "size": "",
                                    "sizes": []
                                },
                                "_position": "absolute",
                                "_offset_orientation_v": "end",
                                "_offset_y_end": {
                                    "size": -125,
                                    "unit": "px"
                                },
                                "_offset_x": {
                                    "size": 0,
                                    "unit": "px"
                                },
                                "_animation": "fadeInLeft"
                            },
                            "elements": [],
                            "isInner": false,
                            "widgetType": "image",
                            "elType": "widget"
                        },
                        {
                            "id": "559bfd67",
                            "settings": {
                                "image": {
                                    "url": "https:\/\/bimberonline.com\/coinclan\/wp-content\/uploads\/sites\/136\/2022\/12\/img-coin-02-min.png",
                                    "id": 375,
                                    "alt": "",
                                    "source": "library"
                                },
                                "image_size": "custom",
                                "image_custom_dimension": {
                                    "width": "300",
                                    "height": "300"
                                },
                                "width": {
                                    "unit": "px",
                                    "size": 120,
                                    "sizes": []
                                },
                                "width_tablet": {
                                    "unit": "px",
                                    "size": 90,
                                    "sizes": []
                                },
                                "width_mobile": {
                                    "unit": "px",
                                    "size": 65,
                                    "sizes": []
                                },
                                "space": {
                                    "unit": "%",
                                    "size": 100,
                                    "sizes": []
                                },
                                "_element_width": "auto",
                                "_element_custom_width": {
                                    "unit": "px",
                                    "size": 298,
                                    "sizes": []
                                },
                                "_element_custom_width_tablet": {
                                    "unit": "%",
                                    "size": "",
                                    "sizes": []
                                },
                                "_element_custom_width_mobile": {
                                    "unit": "%",
                                    "size": "",
                                    "sizes": []
                                },
                                "_position": "absolute",
                                "_offset_orientation_h": "end",
                                "_offset_y_end": {
                                    "unit": "px",
                                    "size": -90,
                                    "sizes": []
                                },
                                "_offset_y_mobile": {
                                    "unit": "px",
                                    "size": 150,
                                    "sizes": []
                                },
                                "_animation": "fadeInRight",
                                "_animation_delay": 200,
                                "_offset_orientation_v": "end",
                                "_offset_y_tablet": {
                                    "unit": "px",
                                    "size": 100,
                                    "sizes": []
                                }
                            },
                            "elements": [],
                            "isInner": false,
                            "widgetType": "image",
                            "elType": "widget"
                        }
                    ],
                    "isInner": false,
                    "elType": "column"
                }
            ],
            "isInner": false,
            "elType": "section"
        },
        {
            "id": "22cdf90a",
            "settings": {
                "content_width": {
                    "unit": "px",
                    "size": 1000,
                    "sizes": []
                },
                "padding": {
                    "unit": "px",
                    "top": "60",
                    "right": "20",
                    "bottom": "60",
                    "left": "20",
                    "isLinked": false
                }
            },
            "elements": [
                {
                    "id": "322b10ce",
                    "settings": {
                        "_column_size": 100,
                        "_inline_size": null
                    },
                    "elements": [
                        {
                            "id": "65f69c9f",
                            "settings": {
                                "__dynamic__": {
                                    "image": "[elementor-tag id=\"\" name=\"post-featured-image\" settings=\"%7B%22fallback%22%3A%7B%22url%22%3A%22%22%2C%22id%22%3A%22%22%7D%7D\"]"
                                },
                                "image_size": "custom",
                                "image_custom_dimension": {
                                    "width": "1200",
                                    "height": "700"
                                },
                                "image_border_radius": {
                                    "unit": "px",
                                    "top": "10",
                                    "right": "10",
                                    "bottom": "10",
                                    "left": "10",
                                    "isLinked": true
                                }
                            },
                            "elements": [],
                            "isInner": false,
                            "widgetType": "theme-post-featured-image",
                            "elType": "widget"
                        },
                        {
                            "id": "7b8c8488",
                            "settings": {
                                "icon_list": [
                                    {
                                        "type": "author",
                                        "selected_icon": {
                                            "value": "far fa-user-circle",
                                            "library": "fa-regular"
                                        },
                                        "_id": "d70d50e",
                                        "custom_date_format": "F j, Y",
                                        "custom_time_format": "g:i a"
                                    },
                                    {
                                        "selected_icon": {
                                            "value": "fas fa-calendar",
                                            "library": "fa-solid"
                                        },
                                        "_id": "fa34cce",
                                        "custom_date_format": "F j, Y",
                                        "custom_time_format": "g:i a"
                                    },
                                    {
                                        "type": "time",
                                        "selected_icon": {
                                            "value": "far fa-clock",
                                            "library": "fa-regular"
                                        },
                                        "_id": "8725a15",
                                        "custom_date_format": "F j, Y",
                                        "custom_time_format": "g:i a"
                                    },
                                    {
                                        "type": "comments",
                                        "selected_icon": {
                                            "value": "far fa-comment-dots",
                                            "library": "fa-regular"
                                        },
                                        "_id": "08ba0ce",
                                        "custom_date_format": "F j, Y",
                                        "custom_time_format": "g:i a"
                                    }
                                ],
                                "__globals__": {
                                    "icon_color": "globals\/colors?id=6364690",
                                    "text_color": "globals\/colors?id=text",
                                    "icon_typography_typography": "globals\/typography?id=secondary"
                                }
                            },
                            "elements": [],
                            "isInner": false,
                            "widgetType": "post-info",
                            "elType": "widget"
                        },
                        {
                            "id": "59ab2e21",
                            "settings": [],
                            "elements": [],
                            "isInner": false,
                            "widgetType": "theme-post-content",
                            "elType": "widget"
                        },
                        {
                            "id": "fb173c5",
                            "settings": {
                                "_skin": "theme_comments"
                            },
                            "elements": [],
                            "isInner": false,
                            "widgetType": "post-comments",
                            "elType": "widget"
                        }
                    ],
                    "isInner": false,
                    "elType": "column"
                }
            ],
            "isInner": false,
            "elType": "section"
        }
    ]
}