{
    "version": "0.4",
    "title": "Tokens Details",
    "type": "page",
    "metadata": {
        "template_type": "single-page",
        "include_in_zip": "1",
        "elementor_pro_required": "1",
        "wp_page_template": "elementor_header_footer"
    },
    "content": [
        {
            "id": "128c4639",
            "settings": {
                "height": "min-height",
                "custom_height": {
                    "unit": "px",
                    "size": 300,
                    "sizes": []
                },
                "background_background": "gradient",
                "background_overlay_background": "classic",
                "background_overlay_image": {
                    "url": "https:\/\/bimberonline.com\/coinclan\/wp-content\/uploads\/sites\/136\/2022\/12\/img-bg-02-min.png",
                    "id": 206,
                    "alt": "",
                    "source": "library"
                },
                "background_overlay_position": "center right",
                "background_overlay_repeat": "no-repeat",
                "background_overlay_size": "initial",
                "background_overlay_bg_width": {
                    "unit": "%",
                    "size": 60,
                    "sizes": []
                },
                "background_overlay_opacity": {
                    "unit": "px",
                    "size": 0.49,
                    "sizes": []
                },
                "css_filters_css_filter": "custom",
                "css_filters_saturate": {
                    "unit": "px",
                    "size": 0,
                    "sizes": []
                },
                "overlay_blend_mode": "multiply",
                "padding": {
                    "unit": "px",
                    "top": "60",
                    "right": "20",
                    "bottom": "60",
                    "left": "20",
                    "isLinked": false
                },
                "__globals__": {
                    "background_color": "globals\/colors?id=primary",
                    "background_color_b": "globals\/colors?id=secondary"
                },
                "shape_divider_bottom": "waves",
                "shape_divider_bottom_width": {
                    "unit": "%",
                    "size": 100,
                    "sizes": []
                },
                "shape_divider_bottom_height": {
                    "unit": "px",
                    "size": 30,
                    "sizes": []
                },
                "overflow": "hidden"
            },
            "elements": [
                {
                    "id": "251d5440",
                    "settings": {
                        "_column_size": 100,
                        "_inline_size": null,
                        "margin": {
                            "unit": "px",
                            "top": "60",
                            "right": "0",
                            "bottom": "0",
                            "left": "0",
                            "isLinked": false
                        }
                    },
                    "elements": [
                        {
                            "id": "4bee3b20",
                            "settings": {
                                "__dynamic__": {
                                    "title": "[elementor-tag id=\"\" name=\"page-title\" settings=\"%7B%22include_context%22%3A%22%22%2C%22show_home_title%22%3A%22%22%2C%22before%22%3A%22%22%2C%22after%22%3A%22%22%2C%22fallback%22%3A%22%22%7D\"]"
                                },
                                "title": "Add Your Heading Text Here",
                                "align": "center",
                                "__globals__": {
                                    "title_color": "globals\/colors?id=ce7668a",
                                    "typography_typography": "globals\/typography?id=71193c7"
                                },
                                "_animation": "fadeInUp",
                                "_animation_delay": 400
                            },
                            "elements": [],
                            "isInner": false,
                            "widgetType": "theme-page-title",
                            "elType": "widget"
                        },
                        {
                            "id": "2c86dbca",
                            "settings": {
                                "image": {
                                    "url": "https:\/\/bimberonline.com\/coinclan\/wp-content\/uploads\/sites\/136\/2022\/12\/img-coin-01-min.png",
                                    "id": 374,
                                    "alt": "",
                                    "source": "library"
                                },
                                "image_size": "custom",
                                "image_custom_dimension": {
                                    "width": "300",
                                    "height": "300"
                                },
                                "width": {
                                    "unit": "px",
                                    "size": 170,
                                    "sizes": []
                                },
                                "width_tablet": {
                                    "unit": "px",
                                    "size": 120,
                                    "sizes": []
                                },
                                "width_mobile": {
                                    "unit": "px",
                                    "size": 100,
                                    "sizes": []
                                },
                                "space": {
                                    "unit": "%",
                                    "size": 100,
                                    "sizes": []
                                },
                                "css_filters_css_filter": "custom",
                                "_element_width": "auto",
                                "_element_custom_width": {
                                    "unit": "px",
                                    "size": 298,
                                    "sizes": []
                                },
                                "_element_custom_width_tablet": {
                                    "unit": "%",
                                    "size": "",
                                    "sizes": []
                                },
                                "_element_custom_width_mobile": {
                                    "unit": "%",
                                    "size": "",
                                    "sizes": []
                                },
                                "_position": "absolute",
                                "_offset_orientation_v": "end",
                                "_offset_y_end": {
                                    "size": -125,
                                    "unit": "px"
                                },
                                "_offset_x": {
                                    "size": 0,
                                    "unit": "px"
                                },
                                "_animation": "fadeInLeft"
                            },
                            "elements": [],
                            "isInner": false,
                            "widgetType": "image",
                            "elType": "widget"
                        },
                        {
                            "id": "22f6a306",
                            "settings": {
                                "image": {
                                    "url": "https:\/\/bimberonline.com\/coinclan\/wp-content\/uploads\/sites\/136\/2022\/12\/img-coin-02-min.png",
                                    "id": 375,
                                    "alt": "",
                                    "source": "library"
                                },
                                "image_size": "custom",
                                "image_custom_dimension": {
                                    "width": "300",
                                    "height": "300"
                                },
                                "width": {
                                    "unit": "px",
                                    "size": 120,
                                    "sizes": []
                                },
                                "width_tablet": {
                                    "unit": "px",
                                    "size": 90,
                                    "sizes": []
                                },
                                "width_mobile": {
                                    "unit": "px",
                                    "size": 65,
                                    "sizes": []
                                },
                                "space": {
                                    "unit": "%",
                                    "size": 100,
                                    "sizes": []
                                },
                                "_element_width": "auto",
                                "_element_custom_width": {
                                    "unit": "px",
                                    "size": 298,
                                    "sizes": []
                                },
                                "_element_custom_width_tablet": {
                                    "unit": "%",
                                    "size": "",
                                    "sizes": []
                                },
                                "_element_custom_width_mobile": {
                                    "unit": "%",
                                    "size": "",
                                    "sizes": []
                                },
                                "_position": "absolute",
                                "_offset_orientation_h": "end",
                                "_offset_y_end": {
                                    "unit": "px",
                                    "size": -90,
                                    "sizes": []
                                },
                                "_offset_y_mobile": {
                                    "unit": "px",
                                    "size": 150,
                                    "sizes": []
                                },
                                "_animation": "fadeInRight",
                                "_animation_delay": 200,
                                "_offset_orientation_v": "end",
                                "_offset_y_tablet": {
                                    "unit": "px",
                                    "size": 100,
                                    "sizes": []
                                }
                            },
                            "elements": [],
                            "isInner": false,
                            "widgetType": "image",
                            "elType": "widget"
                        }
                    ],
                    "isInner": false,
                    "elType": "column"
                }
            ],
            "isInner": false,
            "elType": "section"
        },
        {
            "id": "6118c5e3",
            "settings": {
                "padding": {
                    "unit": "px",
                    "top": "60",
                    "right": "20",
                    "bottom": "90",
                    "left": "20",
                    "isLinked": false
                },
                "__globals__": {
                    "background_color": ""
                },
                "shape_divider_top_width": {
                    "unit": "%",
                    "size": 100,
                    "sizes": []
                },
                "shape_divider_top_height": {
                    "unit": "px",
                    "size": 30,
                    "sizes": []
                },
                "overflow": "hidden"
            },
            "elements": [
                {
                    "id": "6e952073",
                    "settings": {
                        "_column_size": 100,
                        "_inline_size": null,
                        "align": "space-between"
                    },
                    "elements": [
                        {
                            "id": "2f78b00b",
                            "settings": {
                                "ekit_heading_title": "Why choose {{CoinClan}}",
                                "ekit_heading_sub_title": "Time has changed",
                                "ekit_heading_section_extra_title_show": "yes",
                                "ekit_heading_extra_title": "<p>Ac ut consequat semper viverra nam libero justo. Vulputate sapien nec sagittis aliquam.<\/p>",
                                "shadow_text_content": "bussiness",
                                "ekit_heading_show_seperator": "",
                                "ekit_heading_seperator_style": "elementskit-border-star",
                                "ekit_heading_title_margin": {
                                    "unit": "px",
                                    "top": "0",
                                    "right": "0",
                                    "bottom": "0",
                                    "left": "0",
                                    "isLinked": true
                                },
                                "__globals__": {
                                    "ekit_heading_extra_title_typography_typography": "globals\/typography?id=aed2ccb",
                                    "ekit_heading_title_typography_typography": "globals\/typography?id=71193c7",
                                    "ekit_heading_focused_title_typography_typography": "globals\/typography?id=e97fdb7",
                                    "ekit_heading_focused_title_color": "globals\/colors?id=text",
                                    "ekit_heading_focused_title_color_hover": "globals\/colors?id=text",
                                    "ekit_heading_title_color": "globals\/colors?id=text",
                                    "ekit_heading_title_color_hover": "globals\/colors?id=text"
                                },
                                "ekit_heading_title_align": "text_center",
                                "_animation": "fadeInUp"
                            },
                            "elements": [],
                            "isInner": false,
                            "widgetType": "elementskit-heading",
                            "elType": "widget"
                        },
                        {
                            "id": "7da2334f",
                            "settings": {
                                "structure": "20",
                                "margin": {
                                    "unit": "px",
                                    "top": "",
                                    "right": 0,
                                    "bottom": "",
                                    "left": 0,
                                    "isLinked": true
                                }
                            },
                            "elements": [
                                {
                                    "id": "63dc48c2",
                                    "settings": {
                                        "_column_size": 50,
                                        "_inline_size": 50,
                                        "content_position": "center",
                                        "background_background": "classic",
                                        "background_image": {
                                            "url": "https:\/\/bimberonline.com\/coinclan\/wp-content\/uploads\/sites\/136\/2022\/12\/img-section-ilustration-01-min.png",
                                            "id": 215,
                                            "alt": "",
                                            "source": "library"
                                        },
                                        "background_position": "center center",
                                        "background_repeat": "no-repeat",
                                        "background_size": "cover",
                                        "_inline_size_tablet": 100,
                                        "margin": {
                                            "unit": "px",
                                            "top": "10",
                                            "right": "10",
                                            "bottom": "10",
                                            "left": "10",
                                            "isLinked": true
                                        },
                                        "animation": "fadeIn"
                                    },
                                    "elements": [
                                        {
                                            "id": "1f617a6",
                                            "settings": {
                                                "space": {
                                                    "unit": "px",
                                                    "size": 500,
                                                    "sizes": []
                                                },
                                                "space_mobile": {
                                                    "unit": "px",
                                                    "size": 200,
                                                    "sizes": []
                                                }
                                            },
                                            "elements": [],
                                            "isInner": false,
                                            "widgetType": "spacer",
                                            "elType": "widget"
                                        }
                                    ],
                                    "isInner": true,
                                    "elType": "column"
                                },
                                {
                                    "id": "6407c2b",
                                    "settings": {
                                        "_column_size": 50,
                                        "_inline_size": 50,
                                        "content_position": "center",
                                        "margin": {
                                            "unit": "px",
                                            "top": "0",
                                            "right": "0",
                                            "bottom": "0",
                                            "left": "50",
                                            "isLinked": false
                                        },
                                        "_inline_size_tablet": 100,
                                        "margin_tablet": {
                                            "unit": "px",
                                            "top": "0",
                                            "right": "0",
                                            "bottom": "40",
                                            "left": "0",
                                            "isLinked": false
                                        },
                                        "animation": "fadeInRight",
                                        "animation_delay": 200,
                                        "padding": {
                                            "unit": "px",
                                            "top": "0",
                                            "right": "0",
                                            "bottom": "0",
                                            "left": "0",
                                            "isLinked": false
                                        }
                                    },
                                    "elements": [
                                        {
                                            "id": "eb6b363",
                                            "settings": {
                                                "ekit_heading_title": "Buy 100+ crypto assets {{fast & secure}}",
                                                "ekit_heading_sub_title": "Time has changed",
                                                "ekit_heading_section_extra_title_show": "yes",
                                                "ekit_heading_extra_title": "<p>Ac ut consequat semper viverra nam libero justo. Vulputate sapien nec sagittis aliquam. Pulvinar neque laoreet suspendisse interdum consectetur libero id faucibus nisl.<\/p>",
                                                "shadow_text_content": "bussiness",
                                                "ekit_heading_show_seperator": "",
                                                "ekit_heading_seperator_style": "elementskit-border-star",
                                                "ekit_heading_title_margin": {
                                                    "unit": "px",
                                                    "top": "0",
                                                    "right": "0",
                                                    "bottom": "0",
                                                    "left": "0",
                                                    "isLinked": true
                                                },
                                                "__globals__": {
                                                    "ekit_heading_extra_title_typography_typography": "globals\/typography?id=text",
                                                    "ekit_heading_title_typography_typography": "globals\/typography?id=71193c7",
                                                    "ekit_heading_focused_title_typography_typography": "globals\/typography?id=e97fdb7",
                                                    "ekit_heading_focused_title_color": "globals\/colors?id=primary",
                                                    "ekit_heading_focused_title_color_hover": "globals\/colors?id=primary",
                                                    "ekit_heading_title_color": "globals\/colors?id=text",
                                                    "ekit_heading_title_color_hover": "globals\/colors?id=text"
                                                },
                                                "ekit_heading_title_tag": "h3"
                                            },
                                            "elements": [],
                                            "isInner": false,
                                            "widgetType": "elementskit-heading",
                                            "elType": "widget"
                                        },
                                        {
                                            "id": "11d70450",
                                            "settings": {
                                                "icon_list": [
                                                    {
                                                        "text": "Lowest fees in market",
                                                        "_id": "7a764c4"
                                                    },
                                                    {
                                                        "text": "Fast and secure transactions",
                                                        "_id": "b7203f9"
                                                    },
                                                    {
                                                        "text": "256-bit secure encryption",
                                                        "_id": "c2b8471"
                                                    }
                                                ],
                                                "space_between": {
                                                    "unit": "px",
                                                    "size": 8,
                                                    "sizes": []
                                                },
                                                "_margin": {
                                                    "unit": "px",
                                                    "top": "0",
                                                    "right": "0",
                                                    "bottom": "10",
                                                    "left": "0",
                                                    "isLinked": false
                                                },
                                                "__globals__": {
                                                    "icon_typography_typography": "globals\/typography?id=accent",
                                                    "icon_color": "globals\/colors?id=secondary"
                                                }
                                            },
                                            "elements": [],
                                            "isInner": false,
                                            "widgetType": "icon-list",
                                            "elType": "widget"
                                        },
                                        {
                                            "id": "4b8415e8",
                                            "settings": {
                                                "text": "Read More"
                                            },
                                            "elements": [],
                                            "isInner": false,
                                            "widgetType": "button",
                                            "elType": "widget"
                                        }
                                    ],
                                    "isInner": true,
                                    "elType": "column"
                                }
                            ],
                            "isInner": true,
                            "elType": "section"
                        },
                        {
                            "id": "377b06c7",
                            "settings": {
                                "structure": "20",
                                "margin": {
                                    "unit": "px",
                                    "top": "30",
                                    "right": 0,
                                    "bottom": "90",
                                    "left": 0,
                                    "isLinked": false
                                },
                                "reverse_order_tablet": "reverse-tablet",
                                "reverse_order_mobile": "reverse-mobile"
                            },
                            "elements": [
                                {
                                    "id": "13001e8a",
                                    "settings": {
                                        "_column_size": 50,
                                        "_inline_size": null,
                                        "content_position": "center",
                                        "margin": {
                                            "unit": "px",
                                            "top": "0",
                                            "right": "90",
                                            "bottom": "0",
                                            "left": "0",
                                            "isLinked": false
                                        },
                                        "_inline_size_tablet": 100,
                                        "margin_tablet": {
                                            "unit": "px",
                                            "top": "0",
                                            "right": "0",
                                            "bottom": "0",
                                            "left": "0",
                                            "isLinked": false
                                        },
                                        "animation": "fadeInLeft",
                                        "padding": {
                                            "unit": "px",
                                            "top": "0",
                                            "right": "0",
                                            "bottom": "0",
                                            "left": "0",
                                            "isLinked": false
                                        }
                                    },
                                    "elements": [
                                        {
                                            "id": "43b12d1c",
                                            "settings": {
                                                "ekit_heading_title": "Watch how easy it is to use {{coin wallet}}",
                                                "ekit_heading_sub_title": "Time has changed",
                                                "ekit_heading_section_extra_title_show": "yes",
                                                "ekit_heading_extra_title": "<p>Aliquam etiam erat velit scelerisque in. Quisque non tellus orci ac auctor augue mauris augue neque. In iaculis nunc sed augue lacus. Tortor aliquam nulla facilisi cras fermentum odio eu.<\/p>",
                                                "shadow_text_content": "bussiness",
                                                "ekit_heading_show_seperator": "",
                                                "ekit_heading_seperator_style": "elementskit-border-star",
                                                "ekit_heading_title_margin": {
                                                    "unit": "px",
                                                    "top": "0",
                                                    "right": "0",
                                                    "bottom": "0",
                                                    "left": "0",
                                                    "isLinked": true
                                                },
                                                "__globals__": {
                                                    "ekit_heading_extra_title_typography_typography": "globals\/typography?id=text",
                                                    "ekit_heading_title_typography_typography": "globals\/typography?id=71193c7",
                                                    "ekit_heading_focused_title_typography_typography": "globals\/typography?id=e97fdb7",
                                                    "ekit_heading_focused_title_color": "globals\/colors?id=primary",
                                                    "ekit_heading_focused_title_color_hover": "globals\/colors?id=primary",
                                                    "ekit_heading_title_color": "globals\/colors?id=text",
                                                    "ekit_heading_title_color_hover": "globals\/colors?id=text"
                                                },
                                                "ekit_heading_title_tag": "h4"
                                            },
                                            "elements": [],
                                            "isInner": false,
                                            "widgetType": "elementskit-heading",
                                            "elType": "widget"
                                        },
                                        {
                                            "id": "6a24946e",
                                            "settings": {
                                                "icon_list": [
                                                    {
                                                        "text": "Customer Growth",
                                                        "_id": "7a764c4"
                                                    },
                                                    {
                                                        "text": "Users worldwide",
                                                        "_id": "b7203f9"
                                                    },
                                                    {
                                                        "text": "Investment growth",
                                                        "_id": "c2b8471"
                                                    }
                                                ],
                                                "space_between": {
                                                    "unit": "px",
                                                    "size": 8,
                                                    "sizes": []
                                                },
                                                "_margin": {
                                                    "unit": "px",
                                                    "top": "0",
                                                    "right": "0",
                                                    "bottom": "10",
                                                    "left": "0",
                                                    "isLinked": false
                                                },
                                                "__globals__": {
                                                    "icon_typography_typography": "globals\/typography?id=accent",
                                                    "icon_color": "globals\/colors?id=secondary"
                                                }
                                            },
                                            "elements": [],
                                            "isInner": false,
                                            "widgetType": "icon-list",
                                            "elType": "widget"
                                        },
                                        {
                                            "id": "5e014623",
                                            "settings": {
                                                "text": "Read More"
                                            },
                                            "elements": [],
                                            "isInner": false,
                                            "widgetType": "button",
                                            "elType": "widget"
                                        }
                                    ],
                                    "isInner": true,
                                    "elType": "column"
                                },
                                {
                                    "id": "49d73f7c",
                                    "settings": {
                                        "_column_size": 50,
                                        "_inline_size": null,
                                        "content_position": "center",
                                        "background_background": "classic",
                                        "background_image": {
                                            "url": "https:\/\/bimberonline.com\/coinclan\/wp-content\/uploads\/sites\/136\/2022\/12\/img-section-ilustration-02-min.png",
                                            "id": 240,
                                            "alt": "",
                                            "source": "library"
                                        },
                                        "background_position": "center center",
                                        "background_repeat": "no-repeat",
                                        "background_size": "contain",
                                        "_inline_size_tablet": 100,
                                        "margin": {
                                            "unit": "px",
                                            "top": "10",
                                            "right": "10",
                                            "bottom": "10",
                                            "left": "10",
                                            "isLinked": true
                                        },
                                        "animation": "fadeIn",
                                        "animation_delay": 200
                                    },
                                    "elements": [
                                        {
                                            "id": "597077ea",
                                            "settings": {
                                                "space": {
                                                    "unit": "px",
                                                    "size": 450,
                                                    "sizes": []
                                                },
                                                "space_mobile": {
                                                    "unit": "px",
                                                    "size": 200,
                                                    "sizes": []
                                                }
                                            },
                                            "elements": [],
                                            "isInner": false,
                                            "widgetType": "spacer",
                                            "elType": "widget"
                                        }
                                    ],
                                    "isInner": true,
                                    "elType": "column"
                                }
                            ],
                            "isInner": true,
                            "elType": "section"
                        },
                        {
                            "id": "636198e7",
                            "settings": {
                                "ekit_heading_title": "{{Top 10}} cryptocurrency ranking",
                                "ekit_heading_sub_title": "Time has changed",
                                "ekit_heading_section_extra_title_show": "yes",
                                "ekit_heading_extra_title": "<p>Aliquam etiam erat velit scelerisque in. Quisque non tellus orci ac auctor augue mauris augue neque. In iaculis nunc sed augue lacus. Tortor aliquam nulla facilisi cras fermentum odio eu.<\/p>",
                                "shadow_text_content": "bussiness",
                                "ekit_heading_show_seperator": "",
                                "ekit_heading_seperator_style": "elementskit-border-star",
                                "ekit_heading_title_margin": {
                                    "unit": "px",
                                    "top": "0",
                                    "right": "0",
                                    "bottom": "10",
                                    "left": "0",
                                    "isLinked": false
                                },
                                "__globals__": {
                                    "ekit_heading_extra_title_typography_typography": "globals\/typography?id=aed2ccb",
                                    "ekit_heading_title_typography_typography": "globals\/typography?id=71193c7",
                                    "ekit_heading_focused_title_typography_typography": "globals\/typography?id=e97fdb7",
                                    "ekit_heading_focused_title_color": "globals\/colors?id=primary",
                                    "ekit_heading_focused_title_color_hover": "globals\/colors?id=primary",
                                    "ekit_heading_title_color": "globals\/colors?id=text",
                                    "ekit_heading_title_color_hover": "globals\/colors?id=text"
                                },
                                "ekit_heading_title_tag": "h5",
                                "_element_width": "initial",
                                "_element_custom_width": {
                                    "unit": "%",
                                    "size": 65,
                                    "sizes": []
                                },
                                "_margin_tablet": {
                                    "unit": "px",
                                    "top": "0",
                                    "right": "0",
                                    "bottom": "20",
                                    "left": "0",
                                    "isLinked": false
                                },
                                "_element_width_tablet": "initial",
                                "_element_custom_width_tablet": {
                                    "unit": "%",
                                    "size": 100,
                                    "sizes": []
                                },
                                "_element_custom_width_mobile": {
                                    "unit": "%",
                                    "size": "",
                                    "sizes": []
                                }
                            },
                            "elements": [],
                            "isInner": false,
                            "widgetType": "elementskit-heading",
                            "elType": "widget"
                        },
                        {
                            "id": "2e6d16a3",
                            "settings": {
                                "text": "View all tokens",
                                "align": "right",
                                "size": "md",
                                "_element_width": "auto",
                                "_element_vertical_align": "center"
                            },
                            "elements": [],
                            "isInner": false,
                            "widgetType": "button",
                            "elType": "widget"
                        },
                        {
                            "id": "22a64f02",
                            "settings": {
                                "ccew_widget_type": "list",
                                "ccew_all_coins": "10",
                                "_border_radius": {
                                    "unit": "px",
                                    "top": "10",
                                    "right": "10",
                                    "bottom": "10",
                                    "left": "10",
                                    "isLinked": true
                                },
                                "__globals__": {
                                    "table_list_typography_typography": "globals\/typography?id=secondary",
                                    "coin_name_typography_typography": "globals\/typography?id=aed2ccb",
                                    "coin_symbol_typography_typography": "globals\/typography?id=secondary",
                                    "coin_price_typography_typography": "globals\/typography?id=75ad663",
                                    "coin_other_typography_typography": "globals\/typography?id=accent",
                                    "ccew_bg_color": "globals\/colors?id=bfcfe08"
                                },
                                "_margin": {
                                    "unit": "px",
                                    "top": "40",
                                    "right": "0",
                                    "bottom": "0",
                                    "left": "0",
                                    "isLinked": false
                                }
                            },
                            "elements": [],
                            "isInner": false,
                            "widgetType": "cryptocurrency-elementor-widget",
                            "elType": "widget"
                        }
                    ],
                    "isInner": false,
                    "elType": "column"
                }
            ],
            "isInner": false,
            "elType": "section"
        },
        {
            "id": "4b252d91",
            "settings": {
                "structure": "20",
                "padding": {
                    "unit": "px",
                    "top": "90",
                    "right": "20",
                    "bottom": "90",
                    "left": "20",
                    "isLinked": false
                },
                "background_background": "gradient",
                "background_overlay_background": "classic",
                "background_overlay_image": {
                    "url": "https:\/\/bimberonline.com\/coinclan\/wp-content\/uploads\/sites\/136\/2022\/12\/img-bg-03-min.jpg",
                    "id": 265,
                    "alt": "",
                    "source": "library"
                },
                "background_overlay_position": "center center",
                "background_overlay_repeat": "no-repeat",
                "background_overlay_size": "cover",
                "background_overlay_opacity": {
                    "unit": "px",
                    "size": 1,
                    "sizes": []
                },
                "css_filters_css_filter": "custom",
                "css_filters_saturate": {
                    "unit": "px",
                    "size": 0,
                    "sizes": []
                },
                "overlay_blend_mode": "multiply",
                "shape_divider_top_width": {
                    "unit": "%",
                    "size": 100,
                    "sizes": []
                },
                "shape_divider_top_height": {
                    "unit": "px",
                    "size": 30,
                    "sizes": []
                },
                "shape_divider_bottom_width": {
                    "unit": "%",
                    "size": 100,
                    "sizes": []
                },
                "shape_divider_bottom_height": {
                    "unit": "px",
                    "size": 30,
                    "sizes": []
                },
                "shape_divider_bottom_flip": "yes",
                "__globals__": {
                    "background_color": "globals\/colors?id=primary",
                    "background_color_b": "globals\/colors?id=secondary",
                    "shape_divider_top_color": "",
                    "shape_divider_bottom_color": "globals\/colors?id=ce7668a"
                },
                "shape_divider_top": "waves",
                "shape_divider_top_flip": "yes",
                "shape_divider_top_negative": "yes",
                "shape_divider_bottom": "waves",
                "background_color": "#402EC1",
                "background_color_b": "#401A8F",
                "shape_divider_bottom_color": "#F5FBFC",
                "overflow": "hidden"
            },
            "elements": [
                {
                    "id": "516fe8af",
                    "settings": {
                        "_column_size": 50,
                        "_inline_size": null,
                        "margin": {
                            "unit": "px",
                            "top": "0",
                            "right": "60",
                            "bottom": "0",
                            "left": "0",
                            "isLinked": false
                        },
                        "_inline_size_tablet": 100,
                        "margin_tablet": {
                            "unit": "px",
                            "top": "0",
                            "right": "0",
                            "bottom": "0",
                            "left": "0",
                            "isLinked": false
                        }
                    },
                    "elements": [
                        {
                            "id": "34c926fa",
                            "settings": {
                                "ekit_heading_title": "Best in-built {{features }}",
                                "ekit_heading_sub_title": "Time has changed",
                                "ekit_heading_section_extra_title_show": "yes",
                                "ekit_heading_extra_title": "<p>Ac ut consequat semper viverra nam libero justo. Vulputate sapien nec sagittis aliquam. Pulvinar neque laoreet suspendisse interdum consectetur libero id faucibus nisl.<\/p>",
                                "shadow_text_content": "bussiness",
                                "ekit_heading_show_seperator": "",
                                "ekit_heading_seperator_style": "elementskit-border-star",
                                "ekit_heading_title_margin": {
                                    "unit": "px",
                                    "top": "0",
                                    "right": "0",
                                    "bottom": "0",
                                    "left": "0",
                                    "isLinked": true
                                },
                                "__globals__": {
                                    "ekit_heading_extra_title_typography_typography": "globals\/typography?id=aed2ccb",
                                    "ekit_heading_title_typography_typography": "globals\/typography?id=71193c7",
                                    "ekit_heading_focused_title_typography_typography": "globals\/typography?id=e97fdb7",
                                    "ekit_heading_focused_title_color": "globals\/colors?id=bfcfe08",
                                    "ekit_heading_focused_title_color_hover": "globals\/colors?id=bfcfe08",
                                    "ekit_heading_title_color": "globals\/colors?id=bfcfe08",
                                    "ekit_heading_title_color_hover": "globals\/colors?id=bfcfe08",
                                    "ekit_heading_extra_title_color": "globals\/colors?id=bfcfe08"
                                },
                                "_margin": {
                                    "unit": "px",
                                    "top": "0",
                                    "right": "0",
                                    "bottom": "20",
                                    "left": "0",
                                    "isLinked": false
                                },
                                "_animation": "fadeInUp"
                            },
                            "elements": [],
                            "isInner": false,
                            "widgetType": "elementskit-heading",
                            "elType": "widget"
                        },
                        {
                            "id": "5d84d93",
                            "settings": {
                                "space": {
                                    "unit": "px",
                                    "size": 460,
                                    "sizes": []
                                },
                                "_background_background": "classic",
                                "_background_image": {
                                    "url": "https:\/\/bimberonline.com\/coinclan\/wp-content\/uploads\/sites\/136\/2022\/12\/img-section-ilustration-03-min.png",
                                    "id": 260,
                                    "alt": "",
                                    "source": "library"
                                },
                                "_background_position": "center center",
                                "_background_repeat": "no-repeat",
                                "_background_size": "contain",
                                "space_mobile": {
                                    "unit": "px",
                                    "size": 200,
                                    "sizes": []
                                },
                                "_animation": "fadeIn",
                                "_animation_delay": 200
                            },
                            "elements": [],
                            "isInner": false,
                            "widgetType": "spacer",
                            "elType": "widget"
                        }
                    ],
                    "isInner": false,
                    "elType": "column"
                },
                {
                    "id": "6825ac68",
                    "settings": {
                        "_column_size": 50,
                        "_inline_size": null,
                        "_inline_size_tablet": 100
                    },
                    "elements": [
                        {
                            "id": "2af0a288",
                            "settings": {
                                "structure": "20"
                            },
                            "elements": [
                                {
                                    "id": "6418b701",
                                    "settings": {
                                        "_column_size": 50,
                                        "_inline_size": null,
                                        "padding": {
                                            "unit": "px",
                                            "top": "30",
                                            "right": "30",
                                            "bottom": "30",
                                            "left": "30",
                                            "isLinked": true
                                        },
                                        "padding_mobile": {
                                            "unit": "px",
                                            "top": "0",
                                            "right": "0",
                                            "bottom": "30",
                                            "left": "0",
                                            "isLinked": false
                                        },
                                        "animation": "fadeInRight",
                                        "animation_delay": 400
                                    },
                                    "elements": [
                                        {
                                            "id": "384a5501",
                                            "settings": {
                                                "space": {
                                                    "unit": "px",
                                                    "size": 60,
                                                    "sizes": []
                                                },
                                                "_element_width": "initial",
                                                "_element_custom_width": {
                                                    "unit": "px",
                                                    "size": 60,
                                                    "sizes": []
                                                },
                                                "_background_background": "classic",
                                                "_mask_switch": "yes",
                                                "_mask_shape": "custom",
                                                "_mask_image": {
                                                    "url": "https:\/\/bimberonline.com\/coinclan\/wp-content\/uploads\/sites\/136\/2022\/12\/icon-coin-4.png",
                                                    "id": 256,
                                                    "alt": "",
                                                    "source": "library"
                                                },
                                                "__globals__": {
                                                    "_background_color": "globals\/colors?id=18479c7"
                                                }
                                            },
                                            "elements": [],
                                            "isInner": false,
                                            "widgetType": "spacer",
                                            "elType": "widget"
                                        },
                                        {
                                            "id": "59fd8e98",
                                            "settings": {
                                                "selected_icon": {
                                                    "value": "",
                                                    "library": ""
                                                },
                                                "title_text": "Protection",
                                                "description_text": "Ut elit tellus, luctus nec ullamcorper mattis, pulvinar dapibus leo.",
                                                "text_align": "left",
                                                "_margin": {
                                                    "unit": "px",
                                                    "top": "20",
                                                    "right": "0",
                                                    "bottom": "0",
                                                    "left": "0",
                                                    "isLinked": false
                                                },
                                                "__globals__": {
                                                    "title_color": "globals\/colors?id=bfcfe08",
                                                    "title_typography_typography": "globals\/typography?id=c4d8f9b",
                                                    "description_color": "globals\/colors?id=bfcfe08",
                                                    "description_typography_typography": "globals\/typography?id=text"
                                                }
                                            },
                                            "elements": [],
                                            "isInner": false,
                                            "widgetType": "icon-box",
                                            "elType": "widget"
                                        },
                                        {
                                            "id": "7198f803",
                                            "settings": {
                                                "selected_icon": {
                                                    "value": "icon icon-right-arrow2",
                                                    "library": "ekiticons"
                                                },
                                                "link": {
                                                    "url": "#",
                                                    "is_external": "",
                                                    "nofollow": "",
                                                    "custom_attributes": ""
                                                },
                                                "align": "left",
                                                "size": {
                                                    "unit": "px",
                                                    "size": 25,
                                                    "sizes": []
                                                },
                                                "__globals__": {
                                                    "primary_color": "globals\/colors?id=bfcfe08",
                                                    "hover_primary_color": "globals\/colors?id=6364690"
                                                },
                                                "hover_animation": "wobble-horizontal"
                                            },
                                            "elements": [],
                                            "isInner": false,
                                            "widgetType": "icon",
                                            "elType": "widget"
                                        }
                                    ],
                                    "isInner": true,
                                    "elType": "column"
                                },
                                {
                                    "id": "2509a861",
                                    "settings": {
                                        "_column_size": 50,
                                        "_inline_size": null,
                                        "padding": {
                                            "unit": "px",
                                            "top": "30",
                                            "right": "30",
                                            "bottom": "30",
                                            "left": "30",
                                            "isLinked": true
                                        },
                                        "padding_mobile": {
                                            "unit": "px",
                                            "top": "0",
                                            "right": "0",
                                            "bottom": "30",
                                            "left": "0",
                                            "isLinked": false
                                        },
                                        "animation": "fadeInRight",
                                        "animation_delay": 600
                                    },
                                    "elements": [
                                        {
                                            "id": "3ad0d760",
                                            "settings": {
                                                "space": {
                                                    "unit": "px",
                                                    "size": 60,
                                                    "sizes": []
                                                },
                                                "_element_width": "initial",
                                                "_element_custom_width": {
                                                    "unit": "px",
                                                    "size": 60,
                                                    "sizes": []
                                                },
                                                "_background_background": "classic",
                                                "_mask_switch": "yes",
                                                "_mask_shape": "custom",
                                                "_mask_image": {
                                                    "url": "https:\/\/bimberonline.com\/coinclan\/wp-content\/uploads\/sites\/136\/2022\/12\/icon-coin-6.png",
                                                    "id": 258,
                                                    "alt": "",
                                                    "source": "library"
                                                },
                                                "__globals__": {
                                                    "_background_color": "globals\/colors?id=6364690"
                                                }
                                            },
                                            "elements": [],
                                            "isInner": false,
                                            "widgetType": "spacer",
                                            "elType": "widget"
                                        },
                                        {
                                            "id": "3f622652",
                                            "settings": {
                                                "selected_icon": {
                                                    "value": "",
                                                    "library": ""
                                                },
                                                "title_text": "Mining",
                                                "description_text": "Ut elit tellus, luctus nec ullamcorper mattis, pulvinar dapibus leo.",
                                                "text_align": "left",
                                                "_margin": {
                                                    "unit": "px",
                                                    "top": "20",
                                                    "right": "0",
                                                    "bottom": "0",
                                                    "left": "0",
                                                    "isLinked": false
                                                },
                                                "__globals__": {
                                                    "title_color": "globals\/colors?id=bfcfe08",
                                                    "title_typography_typography": "globals\/typography?id=c4d8f9b",
                                                    "description_color": "globals\/colors?id=bfcfe08",
                                                    "description_typography_typography": "globals\/typography?id=text"
                                                }
                                            },
                                            "elements": [],
                                            "isInner": false,
                                            "widgetType": "icon-box",
                                            "elType": "widget"
                                        },
                                        {
                                            "id": "4b335571",
                                            "settings": {
                                                "selected_icon": {
                                                    "value": "icon icon-right-arrow2",
                                                    "library": "ekiticons"
                                                },
                                                "link": {
                                                    "url": "#",
                                                    "is_external": "",
                                                    "nofollow": "",
                                                    "custom_attributes": ""
                                                },
                                                "align": "left",
                                                "size": {
                                                    "unit": "px",
                                                    "size": 25,
                                                    "sizes": []
                                                },
                                                "__globals__": {
                                                    "primary_color": "globals\/colors?id=bfcfe08",
                                                    "hover_primary_color": "globals\/colors?id=6364690"
                                                },
                                                "hover_animation": "wobble-horizontal"
                                            },
                                            "elements": [],
                                            "isInner": false,
                                            "widgetType": "icon",
                                            "elType": "widget"
                                        }
                                    ],
                                    "isInner": true,
                                    "elType": "column"
                                }
                            ],
                            "isInner": true,
                            "elType": "section"
                        },
                        {
                            "id": "70372532",
                            "settings": {
                                "structure": "20"
                            },
                            "elements": [
                                {
                                    "id": "3f62782e",
                                    "settings": {
                                        "_column_size": 50,
                                        "_inline_size": null,
                                        "padding": {
                                            "unit": "px",
                                            "top": "30",
                                            "right": "30",
                                            "bottom": "30",
                                            "left": "30",
                                            "isLinked": true
                                        },
                                        "padding_mobile": {
                                            "unit": "px",
                                            "top": "0",
                                            "right": "0",
                                            "bottom": "30",
                                            "left": "0",
                                            "isLinked": false
                                        },
                                        "animation": "fadeInRight",
                                        "animation_delay": 800
                                    },
                                    "elements": [
                                        {
                                            "id": "64c3be6f",
                                            "settings": {
                                                "space": {
                                                    "unit": "px",
                                                    "size": 60,
                                                    "sizes": []
                                                },
                                                "_element_width": "initial",
                                                "_element_custom_width": {
                                                    "unit": "px",
                                                    "size": 60,
                                                    "sizes": []
                                                },
                                                "_background_background": "classic",
                                                "_mask_switch": "yes",
                                                "_mask_shape": "custom",
                                                "_mask_image": {
                                                    "url": "https:\/\/bimberonline.com\/coinclan\/wp-content\/uploads\/sites\/136\/2022\/12\/icon-coin-5.png",
                                                    "id": 257,
                                                    "alt": "",
                                                    "source": "library"
                                                },
                                                "__globals__": {
                                                    "_background_color": "globals\/colors?id=22ec969"
                                                }
                                            },
                                            "elements": [],
                                            "isInner": false,
                                            "widgetType": "spacer",
                                            "elType": "widget"
                                        },
                                        {
                                            "id": "3a59b7e",
                                            "settings": {
                                                "selected_icon": {
                                                    "value": "",
                                                    "library": ""
                                                },
                                                "title_text": "Connect",
                                                "description_text": "Ut elit tellus, luctus nec ullamcorper mattis, pulvinar dapibus leo.",
                                                "text_align": "left",
                                                "_margin": {
                                                    "unit": "px",
                                                    "top": "20",
                                                    "right": "0",
                                                    "bottom": "0",
                                                    "left": "0",
                                                    "isLinked": false
                                                },
                                                "__globals__": {
                                                    "title_color": "globals\/colors?id=bfcfe08",
                                                    "title_typography_typography": "globals\/typography?id=c4d8f9b",
                                                    "description_color": "globals\/colors?id=bfcfe08",
                                                    "description_typography_typography": "globals\/typography?id=text"
                                                }
                                            },
                                            "elements": [],
                                            "isInner": false,
                                            "widgetType": "icon-box",
                                            "elType": "widget"
                                        },
                                        {
                                            "id": "6b99373a",
                                            "settings": {
                                                "selected_icon": {
                                                    "value": "icon icon-right-arrow2",
                                                    "library": "ekiticons"
                                                },
                                                "link": {
                                                    "url": "#",
                                                    "is_external": "",
                                                    "nofollow": "",
                                                    "custom_attributes": ""
                                                },
                                                "align": "left",
                                                "size": {
                                                    "unit": "px",
                                                    "size": 25,
                                                    "sizes": []
                                                },
                                                "__globals__": {
                                                    "primary_color": "globals\/colors?id=bfcfe08",
                                                    "hover_primary_color": "globals\/colors?id=6364690"
                                                },
                                                "hover_animation": "wobble-horizontal"
                                            },
                                            "elements": [],
                                            "isInner": false,
                                            "widgetType": "icon",
                                            "elType": "widget"
                                        }
                                    ],
                                    "isInner": true,
                                    "elType": "column"
                                },
                                {
                                    "id": "4c6b2c99",
                                    "settings": {
                                        "_column_size": 50,
                                        "_inline_size": null,
                                        "padding": {
                                            "unit": "px",
                                            "top": "30",
                                            "right": "30",
                                            "bottom": "30",
                                            "left": "30",
                                            "isLinked": true
                                        },
                                        "padding_mobile": {
                                            "unit": "px",
                                            "top": "0",
                                            "right": "0",
                                            "bottom": "0",
                                            "left": "0",
                                            "isLinked": true
                                        },
                                        "animation": "fadeInRight",
                                        "animation_delay": 1000
                                    },
                                    "elements": [
                                        {
                                            "id": "6f644353",
                                            "settings": {
                                                "space": {
                                                    "unit": "px",
                                                    "size": 60,
                                                    "sizes": []
                                                },
                                                "_element_width": "initial",
                                                "_element_custom_width": {
                                                    "unit": "px",
                                                    "size": 60,
                                                    "sizes": []
                                                },
                                                "_background_background": "classic",
                                                "_mask_switch": "yes",
                                                "_mask_shape": "custom",
                                                "_mask_image": {
                                                    "url": "https:\/\/bimberonline.com\/coinclan\/wp-content\/uploads\/sites\/136\/2022\/12\/icon-coin-7.png",
                                                    "id": 259,
                                                    "alt": "",
                                                    "source": "library"
                                                },
                                                "__globals__": {
                                                    "_background_color": "globals\/colors?id=fd0e7d8"
                                                }
                                            },
                                            "elements": [],
                                            "isInner": false,
                                            "widgetType": "spacer",
                                            "elType": "widget"
                                        },
                                        {
                                            "id": "7b657045",
                                            "settings": {
                                                "selected_icon": {
                                                    "value": "",
                                                    "library": ""
                                                },
                                                "title_text": "Statistics",
                                                "description_text": "Ut elit tellus, luctus nec ullamcorper mattis, pulvinar dapibus leo.",
                                                "text_align": "left",
                                                "_margin": {
                                                    "unit": "px",
                                                    "top": "20",
                                                    "right": "0",
                                                    "bottom": "0",
                                                    "left": "0",
                                                    "isLinked": false
                                                },
                                                "__globals__": {
                                                    "title_color": "globals\/colors?id=bfcfe08",
                                                    "title_typography_typography": "globals\/typography?id=c4d8f9b",
                                                    "description_color": "globals\/colors?id=bfcfe08",
                                                    "description_typography_typography": "globals\/typography?id=text"
                                                }
                                            },
                                            "elements": [],
                                            "isInner": false,
                                            "widgetType": "icon-box",
                                            "elType": "widget"
                                        },
                                        {
                                            "id": "76f56c12",
                                            "settings": {
                                                "selected_icon": {
                                                    "value": "icon icon-right-arrow2",
                                                    "library": "ekiticons"
                                                },
                                                "link": {
                                                    "url": "#",
                                                    "is_external": "",
                                                    "nofollow": "",
                                                    "custom_attributes": ""
                                                },
                                                "align": "left",
                                                "size": {
                                                    "unit": "px",
                                                    "size": 25,
                                                    "sizes": []
                                                },
                                                "__globals__": {
                                                    "primary_color": "globals\/colors?id=bfcfe08",
                                                    "hover_primary_color": "globals\/colors?id=6364690"
                                                },
                                                "hover_animation": "wobble-horizontal"
                                            },
                                            "elements": [],
                                            "isInner": false,
                                            "widgetType": "icon",
                                            "elType": "widget"
                                        }
                                    ],
                                    "isInner": true,
                                    "elType": "column"
                                }
                            ],
                            "isInner": true,
                            "elType": "section"
                        }
                    ],
                    "isInner": false,
                    "elType": "column"
                }
            ],
            "isInner": false,
            "elType": "section"
        }
    ]
}