{
    "version": "0.4",
    "title": "Tokens",
    "type": "page",
    "metadata": {
        "template_type": "single-page",
        "include_in_zip": "1",
        "elementor_pro_required": "1",
        "wp_page_template": "elementor_header_footer"
    },
    "content": [
        {
            "id": "60f6b209",
            "settings": {
                "height": "min-height",
                "custom_height": {
                    "unit": "px",
                    "size": 300,
                    "sizes": []
                },
                "background_background": "gradient",
                "background_overlay_background": "classic",
                "background_overlay_image": {
                    "url": "https:\/\/bimberonline.com\/coinclan\/wp-content\/uploads\/sites\/136\/2022\/12\/img-bg-02-min.png",
                    "id": 206,
                    "alt": "",
                    "source": "library"
                },
                "background_overlay_position": "center right",
                "background_overlay_repeat": "no-repeat",
                "background_overlay_size": "initial",
                "background_overlay_bg_width": {
                    "unit": "%",
                    "size": 60,
                    "sizes": []
                },
                "background_overlay_opacity": {
                    "unit": "px",
                    "size": 0.49,
                    "sizes": []
                },
                "css_filters_css_filter": "custom",
                "css_filters_saturate": {
                    "unit": "px",
                    "size": 0,
                    "sizes": []
                },
                "overlay_blend_mode": "multiply",
                "padding": {
                    "unit": "px",
                    "top": "60",
                    "right": "20",
                    "bottom": "60",
                    "left": "20",
                    "isLinked": false
                },
                "__globals__": {
                    "background_color": "globals\/colors?id=primary",
                    "background_color_b": "globals\/colors?id=secondary"
                },
                "shape_divider_bottom": "waves",
                "shape_divider_bottom_width": {
                    "unit": "%",
                    "size": 100,
                    "sizes": []
                },
                "shape_divider_bottom_height": {
                    "unit": "px",
                    "size": 30,
                    "sizes": []
                },
                "overflow": "hidden"
            },
            "elements": [
                {
                    "id": "5bf9b66b",
                    "settings": {
                        "_column_size": 100,
                        "_inline_size": null,
                        "margin": {
                            "unit": "px",
                            "top": "60",
                            "right": "0",
                            "bottom": "0",
                            "left": "0",
                            "isLinked": false
                        }
                    },
                    "elements": [
                        {
                            "id": "41727749",
                            "settings": {
                                "__dynamic__": {
                                    "title": "[elementor-tag id=\"\" name=\"page-title\" settings=\"%7B%22include_context%22%3A%22%22%2C%22show_home_title%22%3A%22%22%2C%22before%22%3A%22%22%2C%22after%22%3A%22%22%2C%22fallback%22%3A%22%22%7D\"]"
                                },
                                "title": "Add Your Heading Text Here",
                                "align": "center",
                                "__globals__": {
                                    "title_color": "globals\/colors?id=ce7668a",
                                    "typography_typography": "globals\/typography?id=71193c7"
                                },
                                "_animation": "fadeInUp",
                                "_animation_delay": 400
                            },
                            "elements": [],
                            "isInner": false,
                            "widgetType": "theme-page-title",
                            "elType": "widget"
                        },
                        {
                            "id": "3ba91219",
                            "settings": {
                                "image": {
                                    "url": "https:\/\/bimberonline.com\/coinclan\/wp-content\/uploads\/sites\/136\/2022\/12\/img-coin-01-min.png",
                                    "id": 374,
                                    "alt": "",
                                    "source": "library"
                                },
                                "image_size": "custom",
                                "image_custom_dimension": {
                                    "width": "300",
                                    "height": "300"
                                },
                                "width": {
                                    "unit": "px",
                                    "size": 170,
                                    "sizes": []
                                },
                                "width_tablet": {
                                    "unit": "px",
                                    "size": 120,
                                    "sizes": []
                                },
                                "width_mobile": {
                                    "unit": "px",
                                    "size": 100,
                                    "sizes": []
                                },
                                "space": {
                                    "unit": "%",
                                    "size": 100,
                                    "sizes": []
                                },
                                "css_filters_css_filter": "custom",
                                "_element_width": "auto",
                                "_element_custom_width": {
                                    "unit": "px",
                                    "size": 298,
                                    "sizes": []
                                },
                                "_element_custom_width_tablet": {
                                    "unit": "%",
                                    "size": "",
                                    "sizes": []
                                },
                                "_element_custom_width_mobile": {
                                    "unit": "%",
                                    "size": "",
                                    "sizes": []
                                },
                                "_position": "absolute",
                                "_offset_orientation_v": "end",
                                "_offset_y_end": {
                                    "size": -125,
                                    "unit": "px"
                                },
                                "_offset_x": {
                                    "size": 0,
                                    "unit": "px"
                                },
                                "_animation": "fadeInLeft"
                            },
                            "elements": [],
                            "isInner": false,
                            "widgetType": "image",
                            "elType": "widget"
                        },
                        {
                            "id": "8700918",
                            "settings": {
                                "image": {
                                    "url": "https:\/\/bimberonline.com\/coinclan\/wp-content\/uploads\/sites\/136\/2022\/12\/img-coin-02-min.png",
                                    "id": 375,
                                    "alt": "",
                                    "source": "library"
                                },
                                "image_size": "custom",
                                "image_custom_dimension": {
                                    "width": "300",
                                    "height": "300"
                                },
                                "width": {
                                    "unit": "px",
                                    "size": 120,
                                    "sizes": []
                                },
                                "width_tablet": {
                                    "unit": "px",
                                    "size": 90,
                                    "sizes": []
                                },
                                "width_mobile": {
                                    "unit": "px",
                                    "size": 65,
                                    "sizes": []
                                },
                                "space": {
                                    "unit": "%",
                                    "size": 100,
                                    "sizes": []
                                },
                                "_element_width": "auto",
                                "_element_custom_width": {
                                    "unit": "px",
                                    "size": 298,
                                    "sizes": []
                                },
                                "_element_custom_width_tablet": {
                                    "unit": "%",
                                    "size": "",
                                    "sizes": []
                                },
                                "_element_custom_width_mobile": {
                                    "unit": "%",
                                    "size": "",
                                    "sizes": []
                                },
                                "_position": "absolute",
                                "_offset_orientation_h": "end",
                                "_offset_y_end": {
                                    "unit": "px",
                                    "size": -90,
                                    "sizes": []
                                },
                                "_offset_y_mobile": {
                                    "unit": "px",
                                    "size": 150,
                                    "sizes": []
                                },
                                "_animation": "fadeInRight",
                                "_animation_delay": 200,
                                "_offset_orientation_v": "end",
                                "_offset_y_tablet": {
                                    "unit": "px",
                                    "size": 100,
                                    "sizes": []
                                }
                            },
                            "elements": [],
                            "isInner": false,
                            "widgetType": "image",
                            "elType": "widget"
                        }
                    ],
                    "isInner": false,
                    "elType": "column"
                }
            ],
            "isInner": false,
            "elType": "section"
        },
        {
            "id": "4021fc95",
            "settings": {
                "padding": {
                    "unit": "px",
                    "top": "60",
                    "right": "20",
                    "bottom": "90",
                    "left": "20",
                    "isLinked": false
                }
            },
            "elements": [
                {
                    "id": "4194ec20",
                    "settings": {
                        "_column_size": 100,
                        "_inline_size": null,
                        "align": "space-between"
                    },
                    "elements": [
                        {
                            "id": "ef135cf",
                            "settings": {
                                "ekit_heading_title": "{{Top 10}} cryptocurrency ranking",
                                "ekit_heading_sub_title": "Time has changed",
                                "ekit_heading_section_extra_title_show": "yes",
                                "ekit_heading_extra_title": "<p>Aliquam etiam erat velit scelerisque in. Quisque non tellus orci ac auctor augue mauris augue neque. In iaculis nunc sed augue lacus. Tortor aliquam nulla facilisi cras fermentum odio eu.<\/p>",
                                "shadow_text_content": "bussiness",
                                "ekit_heading_show_seperator": "",
                                "ekit_heading_seperator_style": "elementskit-border-star",
                                "ekit_heading_title_margin": {
                                    "unit": "px",
                                    "top": "0",
                                    "right": "0",
                                    "bottom": "10",
                                    "left": "0",
                                    "isLinked": false
                                },
                                "__globals__": {
                                    "ekit_heading_extra_title_typography_typography": "globals\/typography?id=aed2ccb",
                                    "ekit_heading_title_typography_typography": "globals\/typography?id=71193c7",
                                    "ekit_heading_focused_title_typography_typography": "globals\/typography?id=e97fdb7",
                                    "ekit_heading_focused_title_color": "globals\/colors?id=primary",
                                    "ekit_heading_focused_title_color_hover": "globals\/colors?id=primary",
                                    "ekit_heading_title_color": "globals\/colors?id=text",
                                    "ekit_heading_title_color_hover": "globals\/colors?id=text"
                                },
                                "ekit_heading_title_tag": "h5",
                                "_element_width": "initial",
                                "_element_custom_width": {
                                    "unit": "%",
                                    "size": 65,
                                    "sizes": []
                                },
                                "_margin_tablet": {
                                    "unit": "px",
                                    "top": "0",
                                    "right": "0",
                                    "bottom": "20",
                                    "left": "0",
                                    "isLinked": false
                                },
                                "_element_width_tablet": "initial",
                                "_element_custom_width_tablet": {
                                    "unit": "%",
                                    "size": 100,
                                    "sizes": []
                                },
                                "_element_custom_width_mobile": {
                                    "unit": "%",
                                    "size": "",
                                    "sizes": []
                                }
                            },
                            "elements": [],
                            "isInner": false,
                            "widgetType": "elementskit-heading",
                            "elType": "widget"
                        },
                        {
                            "id": "4189829f",
                            "settings": {
                                "text": "View all tokens",
                                "align": "right",
                                "size": "md",
                                "_element_width": "auto",
                                "_element_vertical_align": "center"
                            },
                            "elements": [],
                            "isInner": false,
                            "widgetType": "button",
                            "elType": "widget"
                        },
                        {
                            "id": "cb6d0e7",
                            "settings": {
                                "ccew_widget_type": "list",
                                "ccew_all_coins": "10",
                                "_border_radius": {
                                    "unit": "px",
                                    "top": "10",
                                    "right": "10",
                                    "bottom": "10",
                                    "left": "10",
                                    "isLinked": true
                                },
                                "__globals__": {
                                    "table_list_typography_typography": "globals\/typography?id=secondary",
                                    "coin_name_typography_typography": "globals\/typography?id=aed2ccb",
                                    "coin_symbol_typography_typography": "globals\/typography?id=secondary",
                                    "coin_price_typography_typography": "globals\/typography?id=75ad663",
                                    "coin_other_typography_typography": "globals\/typography?id=accent",
                                    "ccew_bg_color": "globals\/colors?id=bfcfe08"
                                },
                                "_margin": {
                                    "unit": "px",
                                    "top": "40",
                                    "right": "0",
                                    "bottom": "0",
                                    "left": "0",
                                    "isLinked": false
                                },
                                "_margin_tablet": {
                                    "unit": "px",
                                    "top": "60",
                                    "right": "0",
                                    "bottom": "0",
                                    "left": "0",
                                    "isLinked": false
                                }
                            },
                            "elements": [],
                            "isInner": false,
                            "widgetType": "cryptocurrency-elementor-widget",
                            "elType": "widget"
                        }
                    ],
                    "isInner": false,
                    "elType": "column"
                }
            ],
            "isInner": false,
            "elType": "section"
        }
    ]
}